Text,Sentiment,Platform,Country,Clean_Text,Sentiment_Category,Sentiment_Label
 Enjoying a beautiful day at the park!              ,Positive, Twitter  , USA      ,enjoying beautiful day park,Positive,2
 Traffic was terrible this morning.                 ,Negative, Twitter  , Canada   ,traffic terrible morning,Negative,0
 Just finished an amazing workout! 💪               ,Positive, Instagram , USA        ,finished amazing workout,Positive,2
 Excited about the upcoming weekend getaway!        ,Positive, Facebook , UK       ,excited upcoming weekend getaway,Positive,2
 Trying out a new recipe for dinner tonight.        ,Neutral, Instagram , Australia ,trying new recipe dinner tonight,Neutral,1
 Feeling grateful for the little things in life.    ,Positive, Twitter  , India    ,feeling grateful little thing life,Positive,2
 Rainy days call for cozy blankets and hot cocoa.   ,Positive, Facebook , Canada   ,rainy day call cozy blanket hot cocoa,Positive,2
 The new movie release is a must-watch!             ,Positive, Instagram , USA    ,new movie release mustwatch,Positive,2
 Political discussions heating up on the timeline.  ,Negative, Twitter  , USA      ,political discussion heating timeline,Negative,0
 Missing summer vibes and beach days.               ,Neutral, Facebook , Australia ,missing summer vibe beach day,Neutral,1
 Just published a new blog post. Check it out!      ,Positive, Instagram ,USA,published new blog post check,Positive,2
 Feeling a bit under the weather today.             ,Negative, Twitter  , Canada   ,feeling bit weather today,Negative,0
 Exploring the city's hidden gems.                  ,Positive, Facebook , UK       ,exploring city hidden gem,Positive,2
" New year, new fitness goals! 💪                    ",Positive, Instagram , USA        ,new year new fitness goal,Positive,2
 Technology is changing the way we live.            ,Neutral, Twitter  , India    ,technology changing way live,Neutral,1
 Reflecting on the past and looking ahead.          ,Positive, Facebook , USA      ,reflecting past looking ahead,Positive,2
 Just adopted a cute furry friend! 🐾              ,Positive, Instagram , Canada    ,adopted cute furry friend,Positive,2
 Late-night gaming session with friends.            ,Positive, Twitter  , UK       ,latenight gaming session friend,Positive,2
 Attending a virtual conference on AI.              ,Neutral, Facebook ,USA,attending virtual conference ai,Neutral,1
 Winter blues got me feeling low.                   ,Negative, Instagram , USA       ,winter blue got feeling low,Negative,0
 Sipping coffee and enjoying a good book.           ,Positive, Twitter  , India    ,sipping coffee enjoying good book,Positive,2
 Exploring the world of virtual reality.            ,Positive, Facebook ,USA,exploring world virtual reality,Positive,2
 Productive day ticking off my to-do list.          ,Positive, Instagram , USA ,productive day ticking todo list,Positive,2
 Just finished a challenging workout routine.       ,Positive, Twitter  , UK       ,finished challenging workout routine,Positive,2
 Celebrating a milestone at work! 🎉               ,Positive, Facebook , Canada  ,celebrating milestone work,Positive,2
 Sunday brunch with friends.                        ,Positive, Instagram , UK ,sunday brunch friend,Positive,2
 Learning a new language for personal growth.       ,Positive, Facebook , India     ,learning new language personal growth,Positive,2
 Quiet evening with a good book.                    ,Positive, Instagram , Australia ,quiet evening good book,Positive,2
 Reflecting on the importance of mental health.     ,Positive, Twitter  , USA      ,reflecting importance mental health,Positive,2
 New painting in progress! 🎨                       ,Positive, Facebook , Canada ,new painting progress,Positive,2
 Weekend road trip to explore scenic views.         ,Positive, Instagram , UK        ,weekend road trip explore scenic view,Positive,2
 Enjoying a cup of tea and watching the sunset.     ,Positive, Twitter  , India    ,enjoying cup tea watching sunset,Positive,2
 Coding a new project with enthusiasm.              ,Positive, Facebook , USA ,coding new project enthusiasm,Positive,2
 Feeling inspired after attending a workshop.       ,Positive, Instagram ,USA,feeling inspired attending workshop,Positive,2
 Winter sports day at the local park.               ,Positive, Twitter  , Canada   ,winter sport day local park,Positive,2
 Quality time with family this weekend.             ,Positive, Facebook , UK        ,quality time family weekend,Positive,2
 Attending a live music concert tonight.            ,Positive, Instagram , USA ,attending live music concert tonight,Positive,2
 Practicing mindfulness with meditation.            ,Positive, Twitter  , India    ,practicing mindfulness meditation,Positive,2
 Trying out a new dessert recipe.                   ,Positive, Facebook , Canada ,trying new dessert recipe,Positive,2
 Excited about the upcoming gaming tournament.      ,Positive, Instagram ,USA,excited upcoming gaming tournament,Positive,2
 Planning a garden makeover for spring.             ,Positive, Twitter  , USA      ,planning garden makeover spring,Positive,2
 Celebrating a friend's birthday tonight! 🎂       ,Positive, Facebook , UK ,celebrating friend birthday tonight,Positive,2
 Feeling accomplished after a productive day.       ,Positive, Instagram , India ,feeling accomplished productive day,Positive,2
 A cozy evening with a good movie.                 ,Positive, Twitter  , Canada   ,cozy evening good movie,Positive,2
 Exploring local art galleries this weekend.        ,Positive, Facebook , USA      ,exploring local art gallery weekend,Positive,2
 New book release from my favorite author!          ,Positive, Instagram , UK   ,new book release favorite author,Positive,2
 Attending a virtual reality meetup.                ,Positive, Twitter  , India    ,attending virtual reality meetup,Positive,2
 Reflecting on the beauty of nature.                ,Positive, Facebook , Australia ,reflecting beauty nature,Positive,2
 Cooking a special dinner for loved ones.           ,Positive, Instagram , USA       ,cooking special dinner loved one,Positive,2
 Feeling optimistic about the week ahead.           ,Positive, Twitter  , Canada   ,feeling optimistic week ahead,Positive,2
 Starting a new fitness challenge tomorrow! 💪     ,Positive, Facebook , UK         ,starting new fitness challenge tomorrow,Positive,2
 Sunday bike ride through scenic trails.           ,Positive, Instagram , USA     ,sunday bike ride scenic trail,Positive,2
 Can't believe the injustice happening in our society.,Anger, Twitter  , Canada     ,cant believe injustice happening society,Negative,0
 Feeling a sense of fear after watching a thriller movie. ,Fear, Instagram , USA          ,feeling sense fear watching thriller movie,Negative,0
 Heartbroken after hearing the news about a natural disaster. ,Sadness, Facebook , India      ,heartbroken hearing news natural disaster,Negative,0
 The state of the world's environment is just disgusting. ,Disgust, Twitter  , UK         ,state world environment disgusting,Negative,0
 Pure happiness: celebrating a loved one's achievement! ,Happiness, Instagram , USA ,pure happiness celebrating loved one achievement,Positive,2
 Laughter is the best medicine—enjoying a comedy show. ,Joy, Facebook , Canada    ,laughter best medicineenjoying comedy show,Positive,2
 Sharing love and positive vibes with everyone! ❤️      ,Love, Twitter  , Australia  ,sharing love positive vibe everyone,Positive,2
 An amusing incident brightened up my day!               ,Amusement, Instagram , UK           ,amusing incident brightened day,Positive,2
 Enjoying a quiet evening with a book and some tea.      ,Enjoyment, Facebook , Canada       ,enjoying quiet evening book tea,Positive,2
 Admiring the beauty of nature during a peaceful hike.   ,Admiration, Twitter  , USA       ,admiring beauty nature peaceful hike,Positive,2
 Sending affectionate vibes to all my followers!          ,Affection, Instagram ,USA,sending affectionate vibe follower,Positive,2
 Experiencing awe at the breathtaking sunset.            ,Awe, Facebook , Australia   ,experiencing awe breathtaking sunset,Positive,2
 Disappointed with the service at a local restaurant.    ,Disappointed, Twitter  , India      ,disappointed service local restaurant,Negative,0
 A surprise gift from a friend made my day!              ,Surprise, Instagram , USA          ,surprise gift friend made day,Positive,2
 Finding acceptance in the midst of life's challenges.   ,Acceptance, Facebook , Canada     ,finding acceptance midst life challenge,Neutral,1
 Overflowing with adoration for my adorable pet! 🐾      ,Adoration, Twitter  , UK        ,overflowing adoration adorable pet,Neutral,1
 Anticipating a thrilling adventure in the coming weeks. ,Anticipation, Instagram ,USA,anticipating thrilling adventure coming week,Positive,2
 A bitter experience turned into a valuable lesson.      ,Bitter, Facebook , USA       ,bitter experience turned valuable lesson,Neutral,1
 Finding calmness in the midst of a busy day.            ,Calmness, Twitter  , India     ,finding calmness midst busy day,Positive,2
 Confusion clouds my mind as I navigate through decisions.,Confusion, Instagram , UK   ,confusion cloud mind navigate decision,Neutral,1
 Excitement building up for the upcoming vacation!       ,Excitement, Facebook , Canada    ,excitement building upcoming vacation,Positive,2
 Kindness witnessed today restored my faith in humanity. ,Kind, Twitter  , USA       ,kindness witnessed today restored faith humanity,Neutral,1
 Pride in achieving a personal milestone.               ,Pride, Instagram , Australia    ,pride achieving personal milestone,Positive,2
 A moment of shame for not standing up against injustice. ,Shame, Facebook , India      ,moment shame standing injustice,Neutral,1
 Fuming with anger after a heated argument.            ,Anger, Twitter  , Canada     ,fuming anger heated argument,Negative,0
 The fear of the unknown is keeping me up at night.    ,Fear, Instagram , USA          ,fear unknown keeping night,Negative,0
 Heartfelt sadness after bidding farewell to a dear friend. ,Sadness, Facebook , India      ,heartfelt sadness bidding farewell dear friend,Negative,0
 The state of corruption in our society is utterly disgusting. ,Disgust, Twitter  , UK         ,state corruption society utterly disgusting,Negative,0
 Overflowing happiness: welcoming a new family member!  ,Happiness, Instagram , UK           ,overflowing happiness welcoming new family member,Positive,2
 Laughter is the key to joy—attending a stand-up comedy show. ,Joy, Facebook , Canada    ,laughter key joyattending standup comedy show,Positive,2
 Sending love to all my followers on this beautiful day! ❤️ ,Love, Twitter  , Australia  ,sending love follower beautiful day,Positive,2
 Amused by the antics of my pet—it's pure amusement!      ,Amusement, Instagram , UK           ,amused antic petits pure amusement,Positive,2
 Enjoying every moment of this trip—pure enjoyment!      ,Enjoyment, Facebook , USA ,enjoying every moment trippure enjoyment,Positive,2
 Admiring the dedication of volunteers at a local charity. ,Admiration, Twitter  , USA        ,admiring dedication volunteer local charity,Positive,2
 Sending affectionate vibes to friends and family.        ,Affection, Instagram ,USA,sending affectionate vibe friend family,Positive,2
 Awe-struck by the beauty of the night sky.               ,Awe, Facebook , Australia ,awestruck beauty night sky,Positive,2
 Disappointed with the lack of progress in a personal project. ,Disappointed, Twitter  , India      ,disappointed lack progress personal project,Negative,0
 A surprise visit from an old friend brought tears of joy. ,Surprise, Instagram , USA          ,surprise visit old friend brought tear joy,Positive,2
 Embracing acceptance of life's ups and downs.           ,Acceptance, Facebook , Canada     ,embracing acceptance life ups down,Neutral,1
 Overflowing adoration for a cute rescue puppy! 🐶       ,Adoration, Twitter  , UK         ,overflowing adoration cute rescue puppy,Neutral,1
 Anticipating the release of a much-awaited movie.       ,Anticipation, Instagram , Australia    ,anticipating release muchawaited movie,Positive,2
 Bitter experience at the customer service department.   ,Bitter, Facebook , USA       ,bitter experience customer service department,Neutral,1
 Finding calmness amidst the chaos of daily life.        ,Calmness, Twitter  , India     ,finding calmness amidst chaos daily life,Positive,2
 Confusion reigns as I try to make sense of recent events.,Confusion, Instagram , UK   ,confusion reign try make sense recent event,Neutral,1
 Excitement building up for a surprise birthday party.   ,Excitement, Facebook , Canada ,excitement building surprise birthday party,Positive,2
 Witnessed an act of kindness that made my day.          ,Kind, Twitter  , USA       ,witnessed act kindness made day,Neutral,1
 Pride in completing a challenging fitness challenge.    ,Pride, Instagram , UK            ,pride completing challenging fitness challenge,Positive,2
 A moment of shame for not speaking up against injustice.,Shame, Facebook , India     ,moment shame speaking injustice,Neutral,1
 Reflecting on the beauty of diversity in our world.     ,Acceptance, Twitter  , Australia ,reflecting beauty diversity world,Neutral,1
 Excitement for a quiet evening with a good book.        ,Excitement, Instagram , USA          ,excitement quiet evening good book,Positive,2
 Feeling bitter about the unfairness in the workplace.   ,Bitter, Twitter  , Canada    ,feeling bitter unfairness workplace,Neutral,1
 Calmness prevails as I practice mindfulness.            ,Calmness, Facebook , UK        ,calmness prevails practice mindfulness,Positive,2
 Confusion surrounds me as I navigate through life's choices. ,Confusion, Instagram , USA   ,confusion surround navigate life choice,Neutral,1
 Excitement for a weekend road trip to explore new places. ,Excitement, Twitter  , India     ,excitement weekend road trip explore new place,Positive,2
 Kindness witnessed today restores my faith in humanity.  ,Kind, Facebook , USA       ,kindness witnessed today restores faith humanity,Neutral,1
 Pride in accomplishing personal and professional goals.  ,Pride, Instagram , Canada ,pride accomplishing personal professional goal,Positive,2
 Shame for not being true to my values in a difficult situation.,Shame, Twitter  , UK        ,shame true value difficult situation,Neutral,1
" Revisiting old memories, feeling a sense of elation. ",Elation, Twitter  , Canada    ,revisiting old memory feeling sense elation,Positive,2
 The victory of our team brought euphoria to the city. ,Euphoria, Instagram , USA      ,victory team brought euphoria city,Positive,2
" Embracing the beauty of nature, a moment of contentment. ",Contentment, Facebook , India       ,embracing beauty nature moment contentment,Positive,2
" Meditating by the serene lake, finding inner peace.   ",Serenity, Twitter  , UK          ,meditating serene lake finding inner peace,Positive,2
 Overflowing with gratitude for life's blessings.      ,Gratitude, Instagram , Australia   ,overflowing gratitude life blessing,Positive,2
" Hopeful for a brighter tomorrow, despite challenges.  ",Hope, Facebook , USA      ,hopeful brighter tomorrow despite challenge,Positive,2
 Empowered to make a difference in my community.        ,Empowerment, Twitter  , UK       ,empowered make difference community,Positive,2
 Compassion in action: supporting a local charity event. ,Compassion, Instagram , Canada ,compassion action supporting local charity event,Neutral,1
" A moment of tenderness, connecting with loved ones.    ",Tenderness, Facebook , UK          ,moment tenderness connecting loved one,Neutral,1
 Arousal of excitement as I await a special announcement.,Arousal, Twitter  , Australia ,arousal excitement await special announcement,Neutral,1
 Enthusiastically diving into a new project.            ,Enthusiasm, Instagram , USA  ,enthusiastically diving new project,Positive,2
 Feeling a sense of fulfillment after reaching a milestone.,Fulfillment, Facebook , India     ,feeling sense fulfillment reaching milestone,Positive,2
 Reverence for the beauty of a historic landmark.       ,Reverence, Twitter  , UK      ,reverence beauty historic landmark,Neutral,1
 Elation after a surprise reunion with old friends.    ,Elation, Instagram , Canada      ,elation surprise reunion old friend,Positive,2
 The euphoria of a live music concert under the stars.  ,Euphoria, Facebook , USA ,euphoria live music concert star,Positive,2
 Contentment in the simplicity of a quiet Sunday.       ,Contentment, Twitter  , Australia ,contentment simplicity quiet sunday,Positive,2
 Serenity found in the pages of a favorite book.        ,Serenity, Instagram , UK          ,serenity found page favorite book,Positive,2
 Gratitude for the support received during tough times. ,Gratitude, Facebook , India     ,gratitude support received tough time,Positive,2
 Hopeful about the possibilities of a new journey.      ,Hope, Twitter  , Canada    ,hopeful possibility new journey,Positive,2
 Empowerment through learning and personal growth.      ,Empowerment, Instagram ,USA,empowerment learning personal growth,Positive,2
 Compassion towards those in need during the holidays.  ,Compassion, Facebook , USA      ,compassion towards need holiday,Neutral,1
 Tenderness in the warmth of a cozy winter evening.     ,Tenderness, Twitter  , UK       ,tenderness warmth cozy winter evening,Neutral,1
 Arousal of excitement for an upcoming adventure.       ,Arousal, Instagram , Australia ,arousal excitement upcoming adventure,Neutral,1
 Enthusiasm for a creative project in the making.       ,Enthusiasm, Facebook , Canada    ,enthusiasm creative project making,Positive,2
 Fulfillment in completing a challenging workout routine.,Fulfillment, Twitter  , India     ,fulfillment completing challenging workout routine,Positive,2
 Reverence for the artistry displayed in a museum.      ,Reverence, Instagram , UK        ,reverence artistry displayed museum,Neutral,1
 Elation after achieving a personal goal.               ,Elation, Facebook , USA      ,elation achieving personal goal,Positive,2
 Elation over discovering a hidden gem in the city.   ,Elation, Twitter  , USA      ,elation discovering hidden gem city,Positive,2
 The euphoria of a surprise birthday celebration.     ,Euphoria, Instagram , UK   ,euphoria surprise birthday celebration,Positive,2
 Contentment in the simplicity of a home-cooked meal. ,Contentment, Facebook , India    ,contentment simplicity homecooked meal,Positive,2
 Serenity found in the melody of a peaceful piano.    ,Serenity, Twitter  , Canada      ,serenity found melody peaceful piano,Positive,2
 Gratitude for the supportive community around me.    ,Gratitude, Instagram , USA ,gratitude supportive community around,Positive,2
 Hopeful about the prospects of a new business venture.,Hope, Facebook , Canada    ,hopeful prospect new business venture,Positive,2
 Empowerment through mentoring and guiding others.    ,Empowerment, Twitter  , UK       ,empowerment mentoring guiding others,Positive,2
 Compassion shown through acts of kindness in the community.,Compassion, Instagram , Australia ,compassion shown act kindness community,Neutral,1
 Tenderness in a heartfelt message to a loved one.    ,Tenderness, Facebook , UK          ,tenderness heartfelt message loved one,Neutral,1
 Arousal of excitement before a much-awaited trip.    ,Arousal, Twitter  , India    ,arousal excitement muchawaited trip,Neutral,1
 Enthusiasm for a new artistic project in the works.  ,Enthusiasm, Instagram , USA       ,enthusiasm new artistic project work,Positive,2
 Feeling a sense of fulfillment after helping others. ,Fulfillment, Facebook , Canada    ,feeling sense fulfillment helping others,Positive,2
 Reverence for the historical significance of a landmark.,Reverence, Twitter  , Australia ,reverence historical significance landmark,Neutral,1
 Elation after achieving a fitness milestone.         ,Elation, Instagram , UK           ,elation achieving fitness milestone,Positive,2
 The euphoria of a successful product launch.         ,Euphoria, Facebook , USA       ,euphoria successful product launch,Positive,2
 Contentment in the embrace of a loved one.           ,Contentment, Twitter  , India    ,contentment embrace loved one,Positive,2
 Serenity found in the beauty of a sunset by the sea.  ,Serenity, Instagram , Canada     ,serenity found beauty sunset sea,Positive,2
 Gratitude for the small joys that each day brings.   ,Gratitude, Facebook , Australia   ,gratitude small joy day brings,Positive,2
 Hopeful about the potential for personal growth.      ,Hope, Twitter  , UK       ,hopeful potential personal growth,Positive,2
 Empowerment through learning a new skill.            ,Empowerment, Instagram , India   ,empowerment learning new skill,Positive,2
 Compassion in volunteering for a local charity.       ,Compassion, Facebook , USA      ,compassion volunteering local charity,Neutral,1
 Tenderness in a quiet moment shared with a pet.      ,Tenderness, Twitter  , Canada   ,tenderness quiet moment shared pet,Neutral,1
 Arousal of excitement for an upcoming festival.       ,Arousal, Instagram , UK ,arousal excitement upcoming festival,Neutral,1
 Enthusiasm for a DIY home improvement project.       ,Enthusiasm, Facebook , Australia   ,enthusiasm diy home improvement project,Positive,2
 Fulfillment in completing a challenging puzzle.      ,Fulfillment, Twitter  , India    ,fulfillment completing challenging puzzle,Positive,2
 Reverence for the wonders of nature on a hiking trail.,Reverence, Instagram , USA        ,reverence wonder nature hiking trail,Neutral,1
 Elation after a surprise reunion with a childhood friend.,Elation, Facebook , Canada      ,elation surprise reunion childhood friend,Positive,2
 Suffering from despair after another setback.      ,Despair, Twitter  , USA          ,suffering despair another setback,Negative,0
" Overwhelmed by grief, missing a loved one dearly.  ",Grief, Instagram , Canada          ,overwhelmed grief missing loved one dearly,Negative,0
 Loneliness creeps in as the night grows colder.    ,Loneliness, Facebook , UK           ,loneliness creep night grows colder,Negative,0
 Jealousy consumes me as I witness others' success. ,Jealousy, Twitter  , India        ,jealousy consumes witness others success,Negative,0
 Resentment building up over past betrayals.        ,Resentment, Instagram , Australia     ,resentment building past betrayal,Negative,0
 Frustration mounts as obstacles block my path.     ,Frustration, Facebook , USA          ,frustration mount obstacle block path,Negative,0
" Boredom sets in, the day feels endlessly dull.     ",Boredom, Twitter  , Canada        ,boredom set day feel endlessly dull,Negative,0
" Anxiety grips my heart, worry clouds my thoughts.  ",Anxiety, Instagram , UK           ,anxiety grip heart worry cloud thought,Negative,0
 Intimidation by the unknown future ahead.          ,Intimidation, Facebook , India        ,intimidation unknown future ahead,Negative,0
 Helplessness sinks in as challenges pile up.       ,Helplessness, Twitter  , Australia    ,helplessness sink challenge pile,Negative,0
 Envy eats away at me as I see others' prosperity.  ,Envy, Instagram , Canada        ,envy eats away see others prosperity,Negative,0
 Regret over missed opportunities haunts my thoughts.,Regret, Facebook , UK           ,regret missed opportunity haunt thought,Negative,0
 Disgust at the sight of injustice and cruelty.     ,Disgust, Twitter  , India        ,disgust sight injustice cruelty,Negative,0
" Drowning in despair, hope slipping through my fingers.",Despair, Instagram , USA          ,drowning despair hope slipping finger,Negative,0
" Grief weighs heavy, tears a constant companion.    ",Grief, Facebook , Canada        ,grief weighs heavy tear constant companion,Negative,0
" Loneliness in a crowded room, a silent cry for connection.",Loneliness, Twitter  , UK            ,loneliness crowded room silent cry connection,Negative,0
" Jealousy gnaws at my confidence, a toxic emotion.  ",Jealousy, Instagram , India         ,jealousy gnaws confidence toxic emotion,Negative,0
" Resentment festers, poisoning relationships.       ",Resentment, Facebook , Australia    ,resentment fester poisoning relationship,Negative,0
" Frustration boils over, a volcanic eruption of emotions.",Frustration, Twitter  , USA          ,frustration boil volcanic eruption emotion,Negative,0
" Boredom settles like dust, life feels mundane.     ",Boredom, Instagram , Canada        ,boredom settle like dust life feel mundane,Negative,0
" Anxiety grips my chest, a relentless grip on my thoughts.",Anxiety, Facebook , UK            ,anxiety grip chest relentless grip thought,Negative,0
" Intimidation by the challenges ahead, fear takes hold.",Intimidation, Twitter  , India         ,intimidation challenge ahead fear take hold,Negative,0
" Helplessness engulfs me, drowning in a sea of problems.",Helplessness, Instagram , Australia    ,helplessness engulfs drowning sea problem,Negative,0
" Envy poisons my thoughts, coveting others' success.",Envy, Facebook , Canada        ,envy poison thought coveting others success,Negative,0
 Regret for decisions that led to a painful present.,Regret, Twitter  , USA          ,regret decision led painful present,Negative,0
 Disgust at the corruption that stains society.     ,Disgust, Instagram , UK            ,disgust corruption stain society,Negative,0
" Sinking in despair, each day darker than the last. ",Despair, Facebook , India         ,sinking despair day darker last,Negative,0
" Grief overwhelms, a storm of emotions within.      ",Grief, Twitter  , Canada        ,grief overwhelms storm emotion within,Negative,0
" Loneliness echoes in empty spaces, yearning for connection.",Loneliness, Instagram , Australia     ,loneliness echo empty space yearning connection,Negative,0
" Jealousy poisons my thoughts, resentment brewing within.",Jealousy, Facebook , USA           ,jealousy poison thought resentment brewing within,Negative,0
" Resentment festers, a wound that refuses to heal.  ",Resentment, Twitter  , India         ,resentment fester wound refuse heal,Negative,0
" Frustration escalates, a thunderstorm of emotions. ",Frustration, Instagram , UK            ,frustration escalates thunderstorm emotion,Negative,0
" Boredom lingers, a stagnant pool of indifference.  ",Boredom, Facebook , Canada        ,boredom lingers stagnant pool indifference,Negative,0
" Embarking on a journey of discovery, fueled by curiosity and a thirst for knowledge. ",Curiosity, Twitter  , USA          ,embarking journey discovery fueled curiosity thirst knowledge,Neutral,1
" Lost in the vast sea of information, an indifferent wave in the digital ocean. ",Indifference, Instagram , Canada          ,lost vast sea information indifferent wave digital ocean,Neutral,1
" The complex puzzle of life leaves me in a state of perpetual confusion, seeking answers in the chaos. ",Confusion, Facebook , UK           ,complex puzzle life leaf state perpetual confusion seeking answer chaos,Neutral,1
" A numbness settles over me, a shield against the overwhelming emotions life throws my way. ",Numbness, Twitter  , India        ,numbness settle shield overwhelming emotion life throw way,Negative,0
" Gazing at the sunset, a melancholic longing for moments that slip through the fingers of time. ",Melancholy, Instagram , Australia     ,gazing sunset melancholic longing moment slip finger time,Negative,0
" Revisiting old photographs, caught in the embrace of nostalgia's bittersweet symphony. ",Nostalgia, Facebook , USA          ,revisiting old photograph caught embrace nostalgia bittersweet symphony,Neutral,1
" Torn between conflicting emotions, an ambivalence that paints my decisions in shades of uncertainty. ",Ambivalence, Twitter  , Canada        ,torn conflicting emotion ambivalence paint decision shade uncertainty,Neutral,1
" Embracing the ebb and flow of life, finding acceptance in the dance of existence. ",Acceptance, Instagram , UK           ,embracing ebb flow life finding acceptance dance existence,Neutral,1
" Facing challenges head-on, a determination that fuels the fire within to achieve the impossible. ",Determination, Facebook , India        ,facing challenge headon determination fuel fire within achieve impossible,Neutral,1
" Serenity found in the stillness of nature, a tranquil retreat from the chaos of the modern world. ",Serenity, Twitter  , Australia    ,serenity found stillness nature tranquil retreat chaos modern world,Positive,2
" Curiosity leading me down the rabbit hole of knowledge, a perpetual student in life's classroom. ",Curiosity, Instagram , USA          ,curiosity leading rabbit hole knowledge perpetual student life classroom,Neutral,1
" Floating through the day with an air of indifference, detached from the mundane happenings around. ",Indifference, Facebook , Canada        ,floating day air indifference detached mundane happening around,Neutral,1
" Entangled in the web of thoughts, confusion reigning as I navigate the labyrinth of ideas. ",Confusion, Twitter  , UK            ,entangled web thought confusion reigning navigate labyrinth idea,Neutral,1
" Numb to the chaos, emotions locked away, a stoic facade concealing the inner turmoil. ",Numbness, Instagram , Australia     ,numb chaos emotion locked away stoic facade concealing inner turmoil,Negative,0
" Melancholy whispers in the breeze, a silent conversation with the echoes of forgotten dreams. ",Melancholy, Facebook , India         ,melancholy whisper breeze silent conversation echo forgotten dream,Negative,0
" Stumbling upon an old journal, nostalgia flooding in waves, carrying me to moments long gone. ",Nostalgia, Twitter  , Canada        ,stumbling upon old journal nostalgia flooding wave carrying moment long gone,Neutral,1
" A tapestry of conflicting feelings, weaving through uncertainty, caught in the threads of ambivalence. ",Ambivalence, Instagram , UK            ,tapestry conflicting feeling weaving uncertainty caught thread ambivalence,Neutral,1
" Embracing the flaws, finding acceptance in imperfection, a journey towards self-love. ",Acceptance, Facebook , Australia    ,embracing flaw finding acceptance imperfection journey towards selflove,Neutral,1
" Determination burning like a wildfire, overcoming obstacles, turning dreams into reality. ",Determination, Twitter  , USA          ,determination burning like wildfire overcoming obstacle turning dream reality,Neutral,1
" Tranquil moments by the ocean, serenity washing over, a peaceful retreat within the waves' embrace. ",Serenity, Instagram , Canada        ,tranquil moment ocean serenity washing peaceful retreat within wave embrace,Positive,2
" Exploring new horizons with the spark of curiosity, an adventurer in the vast landscape of knowledge. ",Curiosity, Facebook , India         ,exploring new horizon spark curiosity adventurer vast landscape knowledge,Neutral,1
" Drifting through the day with a nonchalant demeanor, embracing the art of indifference. ",Indifference, Twitter  , UK            ,drifting day nonchalant demeanor embracing art indifference,Neutral,1
" Wrestling with thoughts, a perplexed mind lost in the labyrinth of life's complexities. ",Confusion, Instagram , Australia    ,wrestling thought perplexed mind lost labyrinth life complexity,Neutral,1
" Immersed in a state of emotional numbness, a shield against the storm of daily struggles. ",Numbness, Facebook , USA          ,immersed state emotional numbness shield storm daily struggle,Negative,0
" A melancholic symphony playing in the background, the soundtrack of a wistful heart. ",Melancholy, Twitter  , Canada        ,melancholic symphony playing background soundtrack wistful heart,Negative,0
" Flipping through the pages of an old yearbook, nostalgia painting smiles and tears on my face. ",Nostalgia, Instagram , India         ,flipping page old yearbook nostalgia painting smile tear face,Neutral,1
" Torn between opposing emotions, an ambivalence that colors my decisions with shades of uncertainty. ",Ambivalence, Facebook , Australia    ,torn opposing emotion ambivalence color decision shade uncertainty,Neutral,1
" Embracing life's imperfections, finding acceptance in the journey, scars and all. ",Acceptance, Twitter  , Canada        ,embracing life imperfection finding acceptance journey scar,Neutral,1
" A fiery determination burning within, fueled by the vision of reaching unparalleled heights. ",Determination, Instagram , UK            ,fiery determination burning within fueled vision reaching unparalleled height,Neutral,1
" Basking in the serenity of a quiet forest, where the whispers of nature bring peace to the soul. ",Serenity, Facebook , USA          ,basking serenity quiet forest whisper nature bring peace soul,Positive,2
" Indifferent to the noise of the world, a silent observer in the midst of life's cacophony. ",Indifference, Instagram , India         ,indifferent noise world silent observer midst life cacophony,Neutral,1
" Navigating through the labyrinth of thoughts, confusion a constant companion in the maze of ideas. ",Confusion, Facebook , Australia    ,navigating labyrinth thought confusion constant companion maze idea,Neutral,1
" An impenetrable numbness shields me from the emotional storms, a fortress of stoic resilience. ",Numbness, Twitter  , UK            ,impenetrable numbness shield emotional storm fortress stoic resilience,Negative,0
" Melancholy painting the world in hues of nostalgia, a canvas of bittersweet memories. ",Melancholy, Instagram , USA          ,melancholy painting world hue nostalgia canvas bittersweet memory,Negative,0
" A journey into the past, flipping through the pages of an old diary, nostalgia taking the lead. ",Nostalgia, Facebook , Canada        ,journey past flipping page old diary nostalgia taking lead,Neutral,1
" Ambivalence clouding decisions, caught in the crossroads of conflicting emotions. ",Ambivalence, Twitter  , India         ,ambivalence clouding decision caught crossroad conflicting emotion,Neutral,1
" Embracing imperfections, finding acceptance in the mosaic of life's beautiful chaos. ",Acceptance, Instagram , Australia     ,embracing imperfection finding acceptance mosaic life beautiful chaos,Neutral,1
" Determination as the driving force, propelling me forward on the path to extraordinary achievements. ",Determination, Facebook , USA          ,determination driving force propelling forward path extraordinary achievement,Neutral,1
" Seeking serenity in the melody of raindrops, a tranquil escape from the noise of everyday life. ",Serenity, Twitter  , Canada        ,seeking serenity melody raindrop tranquil escape noise everyday life,Positive,2
" Curiosity driving the exploration of the unknown, a seeker of knowledge in uncharted territories. ",Curiosity, Instagram , UK            ,curiosity driving exploration unknown seeker knowledge uncharted territory,Neutral,1
" Drifting through the day with an air of nonchalance, indifferent to the trivialities of life. ",Indifference, Facebook , India         ,drifting day air nonchalance indifferent triviality life,Neutral,1
" Lost in the labyrinth of thoughts, confusion casting shadows on the quest for clarity. ",Confusion, Twitter  , Australia    ,lost labyrinth thought confusion casting shadow quest clarity,Neutral,1
" Wrapped in the cloak of emotional numbness, a shield against the storms of life's turbulence. ",Numbness, Instagram , Canada        ,wrapped cloak emotional numbness shield storm life turbulence,Negative,0
" Melancholy as a companion, painting the canvas of life with the brushstrokes of wistful yearning. ",Melancholy, Facebook , UK            ,melancholy companion painting canvas life brushstrokes wistful yearning,Negative,0
" Leafing through the pages of an old photo album, nostalgia weaving tales of laughter and tears. ",Nostalgia, Twitter  , USA          ,leafing page old photo album nostalgia weaving tale laughter tear,Neutral,1
" Ambivalence in the air, caught between the crossroads of conflicting emotions and decisions. ",Ambivalence, Instagram , Canada        ,ambivalence air caught crossroad conflicting emotion decision,Neutral,1
" Embracing the beauty in imperfections, finding acceptance in the mosaic of life's unpredictable art. ",Acceptance, Facebook , Australia    ,embracing beauty imperfection finding acceptance mosaic life unpredictable art,Neutral,1
" Determination ablaze, forging a path through challenges, sculpting dreams into tangible realities. ",Determination, Twitter  , UK            ,determination ablaze forging path challenge sculpting dream tangible reality,Neutral,1
" Immerse in the serenity of a moonlit night, where the quiet whispers of nature bring peace to the soul. ",Serenity, Instagram , USA          ,immerse serenity moonlit night quiet whisper nature bring peace soul,Positive,2
" Fueled by curiosity, venturing into uncharted realms, a fearless explorer of the mysteries of the world. ",Curiosity, Facebook , India         ,fueled curiosity venturing uncharted realm fearless explorer mystery world,Neutral,1
"Wrapped in the cloak of emotional numbness, a shield against the storms of life's turbulence. ",Numbness, Instagram , Canada ,wrapped cloak emotional numbness shield storm life turbulence,Negative,0
" Dancing through life with the exuberance of a carefree spirit, embracing joy and zest at every turn. ",Zest, Twitter , USA ,dancing life exuberance carefree spirit embracing joy zest every turn,Positive,2
" Basking in the golden glow of contentment, a serene river flowing through the landscape of the heart. ",Contentment, Facebook , Australia ,basking golden glow contentment serene river flowing landscape heart,Positive,2
" Gazing towards the horizon with hopeful eyes, painting a canvas of dreams illuminated by the sun of optimism. ",Hopeful, Instagram , India ,gazing towards horizon hopeful eye painting canvas dream illuminated sun optimism,Neutral,1
" Standing tall, proud as an oak, the branches of achievement reaching towards the sky of accomplishment. ",Proud, Twitter , Canada ,standing tall proud oak branch achievement reaching towards sky accomplishment,Neutral,1
" A heart overflowing with gratitude, a garden where appreciation blooms in the soil of kindness and connection. ",Grateful, Facebook , USA ,heart overflowing gratitude garden appreciation bloom soil kindness connection,Positive,2
" Extending a hand, empathetic threads weaving a tapestry of understanding, embracing the joys and sorrows of others. ",Empathetic, Instagram , UK ,extending hand empathetic thread weaving tapestry understanding embracing joy sorrow others,Neutral,1
" Compassionate clouds, heavy with care, showering empathy on the parched grounds of human suffering. ",Compassionate, Twitter , Australia ,compassionate cloud heavy care showering empathy parched ground human suffering,Neutral,1
" Playfully dancing in the rain of laughter, a whimsical spirit twirling in the puddles of joy and lightheartedness. ",Playful, Facebook , Canada ,playfully dancing rain laughter whimsical spirit twirling puddle joy lightheartedness,Positive,2
" Soaring on the wings of a free spirit, unburdened by the chains of conformity, painting the sky with independence. ",Free-spirited, Instagram , India ,soaring wing free spirit unburdened chain conformity painting sky independence,Positive,2
" Bathed in the glow of inspiration, a creative phoenix rising from the ashes of ordinary thoughts to explore new realms. ",Inspired, Twitter , UK ,bathed glow inspiration creative phoenix rising ash ordinary thought explore new realm,Neutral,1
" Navigating the sea of hope, sailing towards the sunrise of possibilities, confident in the ship of positive anticipation. ",Hopeful, Facebook , USA ,navigating sea hope sailing towards sunrise possibility confident ship positive anticipation,Neutral,1
" Striding with confidence, footprints of self-assuredness imprinted on the sands of challenges conquered and victories claimed. ",Confident, Instagram , Australia ,striding confidence footprint selfassuredness imprinted sand challenge conquered victory claimed,Neutral,1
" Lost in the symphony of the night, a moonlit serenade that whispers tales of wanderlust and moonlit dreams. ",Serenity, Twitter , Canada ,lost symphony night moonlit serenade whisper tale wanderlust moonlit dream,Positive,2
" Unveiling the layers of curiosity, a labyrinth of questions leading to the treasure troves of undiscovered knowledge. ",Curiosity, Instagram , USA ,unveiling layer curiosity labyrinth question leading treasure trove undiscovered knowledge,Neutral,1
" In the embrace of the autumn breeze, leaves of ambivalence dancing in a waltz between choices and uncertainties. ",Ambivalence, Facebook , UK ,embrace autumn breeze leaf ambivalence dancing waltz choice uncertainty,Neutral,1
" Gratitude as a guiding star, navigating the constellation of blessings in the vast universe of life's precious moments. ",Grateful, Twitter , Australia ,gratitude guiding star navigating constellation blessing vast universe life precious moment,Positive,2
" With a zestful heart, sprinting through fields of enthusiasm, chasing sunbeams and laughter in the meadows of joy. ",Zest, Instagram , India ,zestful heart sprinting field enthusiasm chasing sunbeam laughter meadow joy,Positive,2
" A compassionate rain, tears of empathy falling gently, nurturing the seeds of kindness in the garden of human connections. ",Compassionate, Facebook , Canada ,compassionate rain tear empathy falling gently nurturing seed kindness garden human connection,Neutral,1
" Proudly scaling the peaks of achievement, a mountaineer conquering challenges and planting the flag of success. ",Proud, Twitter , USA ,proudly scaling peak achievement mountaineer conquering challenge planting flag success,Neutral,1
" Embraced by the hopeful dawn, a gardener sowing seeds of optimism, tending to the blooms of a brighter tomorrow. ",Hopeful, Instagram , UK ,embraced hopeful dawn gardener sowing seed optimism tending bloom brighter tomorrow,Neutral,1
" A playful escapade in the carnival of life, carousel laughter and cotton candy dreams swirling in the joyous atmosphere. ",Playful, Facebook , Australia ,playful escapade carnival life carousel laughter cotton candy dream swirling joyous atmosphere,Positive,2
" Floating on clouds of inspiration, an artist painting the sky with strokes of creativity, creating a masterpiece of dreams. ",Inspired, Twitter , India ,floating cloud inspiration artist painting sky stroke creativity creating masterpiece dream,Neutral,1
" Navigating the river of contentment, a serene boat cruise through the tranquil waters of inner peace and acceptance. ",Contentment, Instagram , Canada ,navigating river contentment serene boat cruise tranquil water inner peace acceptance,Positive,2
" With empathy as a lantern, wandering through the dark alleys of sorrow, illuminating the path with compassion and care. ",Empathetic, Facebook , USA ,empathy lantern wandering dark alley sorrow illuminating path compassion care,Neutral,1
" A free spirit soaring on the wings of dreams, leaving trails of independence in the azure sky of boundless possibilities. ",Free-spirited, Twitter , UK ,free spirit soaring wing dream leaving trail independence azure sky boundless possibility,Positive,2
" Bathed in the golden hues of gratefulness, a sunset of appreciation casting its warm glow on the landscapes of the heart. ",Grateful, Instagram , Australia ,bathed golden hue gratefulness sunset appreciation casting warm glow landscape heart,Positive,2
" Confident strides in the dance of life, a ballroom where self-assuredness leads, twirling through challenges with grace. ",Confident, Facebook , Canada ,confident stride dance life ballroom selfassuredness lead twirling challenge grace,Neutral,1
" Hopeful whispers of wind, carrying the promises of a brighter tomorrow, a symphony of optimism in the air of possibilities. ",Hopeful, Twitter , India ,hopeful whisper wind carrying promise brighter tomorrow symphony optimism air possibility,Neutral,1
" Playfully juggling responsibilities, a circus performer balancing the acts of work and joy, tossing laughter into the air. ",Playful, Instagram , USA ,playfully juggling responsibility circus performer balancing act work joy tossing laughter air,Positive,2
" Whispering tales of inspiration to the stars, a storyteller crafting constellations from the threads of imagination. ",Inspired, Facebook , UK ,whispering tale inspiration star storyteller crafting constellation thread imagination,Neutral,1
" Charting a course through the waves of hopeful anticipation, a sailor steering towards the shores of dreams yet unexplored. ",Hopeful, Twitter , Australia ,charting course wave hopeful anticipation sailor steering towards shore dream yet unexplored,Neutral,1
" Drowning in the abyss of despair, a heart shattered into fragments, lost in the echoing silence of hopelessness. ",Despair, Instagram , Canada ,drowning abyss despair heart shattered fragment lost echoing silence hopelessness,Negative,0
" Bitterness festering like a venomous vine, entwining the soul in a web of resentment, poisoning the garden of peace. ",Bitterness, Facebook , UK ,bitterness festering like venomous vine entwining soul web resentment poisoning garden peace,Negative,0
" Wandering through the desert of loneliness, each step a heavy sigh, mirages of connection shimmering but never materializing. ",Loneliness, Twitter , USA ,wandering desert loneliness step heavy sigh mirage connection shimmering never materializing,Negative,0
" Yearning for a touch that's not there, echoes of a distant warmth haunting the heart in the cold embrace of solitude. ",Yearning, Instagram , Australia ,yearning touch thats echo distant warmth haunting heart cold embrace solitude,Neutral,1
" Eyes wide open in the night, fearful shadows dancing on the walls, the mind a prisoner of imagined horrors. ",Fearful, Facebook , India ,eye wide open night fearful shadow dancing wall mind prisoner imagined horror,Negative,0
" Apprehensive steps on the tightrope of uncertainty, a balancing act where the fall seems inevitable, anxiety a constant companion. ",Apprehensive, Twitter , UK ,apprehensive step tightrope uncertainty balancing act fall seems inevitable anxiety constant companion,Negative,0
" Overwhelmed by the weight of the world, Atlas with trembling shoulders, each responsibility a boulder in the landscape of exhaustion. ",Overwhelmed, Instagram , Canada ,overwhelmed weight world atlas trembling shoulder responsibility boulder landscape exhaustion,Negative,0
" Jealousy, a green-eyed monster, lurking in the shadows, casting a dark cloud over the sunshine of others' success. ",Jealous, Facebook , USA ,jealousy greeneyed monster lurking shadow casting dark cloud sunshine others success,Neutral,1
" Devastated by the storm of betrayal, the wreckage of trust scattered like debris, a heart torn by the winds of broken promises. ",Devastated, Twitter , Australia ,devastated storm betrayal wreckage trust scattered like debris heart torn wind broken promise,Negative,0
" Frustrated fingers tapping on the keyboard, a symphony of annoyance composing an unsolvable puzzle of unmet expectations. ",Frustrated, Instagram , India ,frustrated finger tapping keyboard symphony annoyance composing unsolvable puzzle unmet expectation,Neutral,1
" Envious eyes fixated on the gilded prize, a heartache fueled by the painful desire for possessions that seem forever out of reach. ",Envious, Facebook , USA ,envious eye fixated gilded prize heartache fueled painful desire possession seem forever reach,Neutral,1
" Dismissive glances, a fortress built with indifference, walls impenetrable to the pleas of understanding and recognition. ",Dismissive, Twitter , UK ,dismissive glance fortress built indifference wall impenetrable plea understanding recognition,Negative,0
" Shattered dreams lie on the floor like fragments of glass, a mosaic of disappointment crafted by the hands of frustration. ",Frustrated, Instagram , Canada ,shattered dream lie floor like fragment glass mosaic disappointment crafted hand frustration,Neutral,1
" Loneliness, a silent companion in the night, the only echo in the chamber of solitude, a heart's solitary nocturne. ",Loneliness, Facebook , Australia ,loneliness silent companion night echo chamber solitude heart solitary nocturne,Negative,0
" Fearful whispers in the dark, the mind haunted by the specter of the unknown, shadows dancing to the rhythm of anxiety's tune. ",Fearful, Twitter , UK ,fearful whisper dark mind haunted specter unknown shadow dancing rhythm anxiety tune,Negative,0
" Bitterness, a bitter aftertaste lingering on the tongue, each word a reminder of wounds that refuse to heal with the passing of time. ",Bitterness, Instagram , India ,bitterness bitter aftertaste lingering tongue word reminder wound refuse heal passing time,Negative,0
" Overwhelmed by the cacophony of expectations, a drowning soul in the tempest of pressure, struggling to stay afloat. ",Overwhelmed, Facebook , USA ,overwhelmed cacophony expectation drowning soul tempest pressure struggling stay afloat,Negative,0
" Jealousy, a venom that seeps through the veins, poisoning the heart and turning it into a breeding ground for discontent. ",Jealous, Twitter , Australia ,jealousy venom seeps vein poisoning heart turning breeding ground discontent,Neutral,1
" Devastated by the revelation of betrayal, the trust shattered like fragile glass, leaving shards of pain in its wake. ",Devastated, Instagram , Canada ,devastated revelation betrayal trust shattered like fragile glass leaving shard pain wake,Negative,0
" Frustrated attempts to mend a broken connection, the threads of understanding slipping through the fingers like grains of sand. ",Frustrated, Facebook , UK ,frustrated attempt mend broken connection thread understanding slipping finger like grain sand,Neutral,1
" Envious gazes cast upon the podium of success, a bitter pill swallowed, the taste lingering as a constant reminder of unattained heights. ",Envious, Twitter , USA ,envious gaze cast upon podium success bitter pill swallowed taste lingering constant reminder unattained height,Neutral,1
" Dismissive gestures, a curtain drawn to shield the vulnerability, a stage where emotions take a backseat to the performance of indifference. ",Dismissive, Instagram , Australia ,dismissive gesture curtain drawn shield vulnerability stage emotion take backseat performance indifference,Negative,0
" Despair like a heavy fog, enveloping every thought, blurring the path ahead, a journey in the labyrinth of utter hopelessness. ",Despair, Facebook , Canada ,despair like heavy fog enveloping every thought blurring path ahead journey labyrinth utter hopelessness,Negative,0
" Bitterness, a bitter chill in the air, freezing moments into icicles of resentment that dangle precariously over the landscape of memory. ",Bitterness, Twitter , UK ,bitterness bitter chill air freezing moment icicle resentment dangle precariously landscape memory,Negative,0
" Loneliness, a solitary moon in a starless sky, casting a cold glow on the landscape of isolation, where echoes bounce in empty spaces. ",Loneliness, Instagram , USA ,loneliness solitary moon starless sky casting cold glow landscape isolation echo bounce empty space,Negative,0
" Yearning for the warmth of a vanished sun, a heartache painted in the hues of a sunset that never graced the horizon. ",Yearning, Facebook , Australia ,yearning warmth vanished sun heartache painted hue sunset never graced horizon,Neutral,1
" Fearful eyes scanning the shadows, a prisoner of the night, terrorized by the lurking monsters born from the mind's darkest corners. ",Fearful, Twitter , India ,fearful eye scanning shadow prisoner night terrorized lurking monster born mind darkest corner,Negative,0
" Apprehensive whispers in the wind, a forecast of uncertainty, the mind's weather vane spinning wildly in the storm of doubt. ",Apprehensive, Instagram , Canada ,apprehensive whisper wind forecast uncertainty mind weather vane spinning wildly storm doubt,Negative,0
" Overwhelmed by the maze of expectations, a minotaur of pressure lurking in the labyrinth, waiting to devour the spirit of resilience. ",Overwhelmed, Facebook , USA ,overwhelmed maze expectation minotaur pressure lurking labyrinth waiting devour spirit resilience,Negative,0
" Jealousy, a festering wound, the pain intensifying with each glance at the garden of others' achievements, blooming beyond the fence. ",Jealous, Twitter , UK ,jealousy festering wound pain intensifying glance garden others achievement blooming beyond fence,Neutral,1
" Devastated, a heart in ruins, the echoes of shattered dreams reverberating in the chambers, a requiem for what once was whole. ",Devastated, Instagram , Australia ,devastated heart ruin echo shattered dream reverberating chamber requiem whole,Negative,0
" Frustrated attempts to untangle the knot of confusion, the threads of understanding slipping further into the labyrinth of miscommunication. ",Frustrated, Facebook , India ,frustrated attempt untangle knot confusion thread understanding slipping labyrinth miscommunication,Neutral,1
" Envious eyes locked on the treasure chest of opportunities, a heartache fueled by the desire for keys that seem forever elusive. ",Envious, Twitter , USA ,envious eye locked treasure chest opportunity heartache fueled desire key seem forever elusive,Neutral,1
Awe-struck by the breathtaking sunrise over the mountains.      ,Awe, Instagram , USA               ,awestruck breathtaking sunrise mountain,Positive,2
Navigating through the challenges with determination.          ,Determination, Twitter  , Canada            ,navigating challenge determination,Neutral,1
Nostalgia hits while flipping through an old photo album.     ,Nostalgia, Facebook , UK                ,nostalgia hit flipping old photo album,Neutral,1
Thrilled to witness the grandeur of a cultural festival.       ,Thrill, Instagram , India              ,thrilled witness grandeur cultural festival,Positive,2
Calmness found in the rhythm of raindrops on the windowpane.   ,Calmness, Twitter  , Australia          ,calmness found rhythm raindrop windowpane,Positive,2
Overwhelmed by the support received during a personal challenge.,Overwhelmed, Facebook , USA               ,overwhelmed support received personal challenge,Negative,0
Excitement builds as the countdown to a long-awaited vacation begins. ,Excitement, Instagram , France            ,excitement build countdown longawaited vacation begin,Positive,2
"Reflecting on life's journey, grateful for the lessons learned. ",Gratitude, Twitter  , Brazil            ,reflecting life journey grateful lesson learned,Positive,2
Bittersweet emotions arise while bidding farewell to a dear friend. ,Bittersweet, Instagram , Japan             ,bittersweet emotion arise bidding farewell dear friend,Neutral,1
Curiosity sparked by exploring a mysterious ancient ruin.      ,Curiosity, Facebook , Greece            ,curiosity sparked exploring mysterious ancient ruin,Neutral,1
Admiration for the intricate details of a handcrafted masterpiece. ,Admiration, Instagram , USA               ,admiration intricate detail handcrafted masterpiece,Positive,2
Overjoyed by the warmth of a cozy fireplace on a winter evening.   ,Overjoyed, Twitter  , Canada            ,overjoyed warmth cozy fireplace winter evening,Positive,2
Inspiration strikes while observing the colors of a vibrant sunset.,Inspiration, Instagram , UK                ,inspiration strike observing color vibrant sunset,Positive,2
Motivated to achieve fitness goals after an invigorating workout.  ,Motivation, Facebook , Australia          ,motivated achieve fitness goal invigorating workout,Positive,2
Gratitude for the simple joys found in a cup of morning coffee.    ,Gratitude, Twitter  , India             ,gratitude simple joy found cup morning coffee,Positive,2
Feeling empowered after conquering a challenging hiking trail.     ,Empowerment, Instagram , USA               ,feeling empowered conquering challenging hiking trail,Positive,2
Amused by the antics of playful kittens during playtime.           ,Amusement, Facebook , Canada            ,amused antic playful kitten playtime,Positive,2
Contemplating life's mysteries under the starry night sky.         ,Contemplation, Twitter  , UK                ,contemplating life mystery starry night sky,Neutral,1
Joyful reunion with long-lost friends after years of separation.   ,JoyfulReunion, Instagram , India             ,joyful reunion longlost friend year separation,Positive,2
Excitement builds while preparing for a surprise celebration.     ,Excitement, Facebook , Australia          ,excitement build preparing surprise celebration,Positive,2
Satisfaction derived from successfully completing a DIY project.  ,Satisfaction, Twitter  , USA               ,satisfaction derived successfully completing diy project,Positive,2
Feeling blessed for the supportive community in times of need.    ,Blessed, Instagram , UK                ,feeling blessed supportive community time need,Positive,2
Captivated by the serenity of a tranquil garden in full bloom.     ,Serenity, Facebook , Canada            ,captivated serenity tranquil garden full bloom,Positive,2
Anticipation for an upcoming adventure in an exotic destination.   ,Anticipation, Twitter  , India             ,anticipation upcoming adventure exotic destination,Positive,2
Reflecting on personal growth achieved through life experiences.  ,Reflection, Instagram , USA               ,reflecting personal growth achieved life experience,Neutral,1
Nostalgic memories flood in while revisiting childhood favorites. ,Nostalgia, Facebook , Australia          ,nostalgic memory flood revisiting childhood favorite,Neutral,1
Appreciation for the vibrant culture experienced during travel.   ,Appreciation, Twitter  , UK                ,appreciation vibrant culture experienced travel,Positive,2
Confidence soars after overcoming public speaking anxiety.       ,Confidence, Instagram , USA               ,confidence soar overcoming public speaking anxiety,Positive,2
Contentment in the midst of a family gathering filled with laughter. ,Contentment, Facebook , Canada            ,contentment midst family gathering filled laughter,Positive,2
Enthusiasm for learning new skills and expanding knowledge.      ,Enthusiasm, Twitter  , India             ,enthusiasm learning new skill expanding knowledge,Positive,2
Surprise and delight at discovering a hidden gem in the city.    ,Surprise, Instagram , UK                ,surprise delight discovering hidden gem city,Positive,2
A sense of accomplishment after completing a challenging workout.,Accomplishment, Facebook , Australia          ,sense accomplishment completing challenging workout,Positive,2
Wonderment at the beauty of a double rainbow after the rain.     ,Wonderment, Twitter  , USA               ,wonderment beauty double rainbow rain,Neutral,1
Optimism for a bright future amidst challenging times.           ,Optimism, Instagram , Canada            ,optimism bright future amidst challenging time,Positive,2
Pride in achieving a personal milestone in career progression.   ,Pride, Facebook , UK                ,pride achieving personal milestone career progression,Positive,2
Happiness blooms like flowers in a garden on a sunny day.        ,Happiness, Twitter  , India             ,happiness bloom like flower garden sunny day,Positive,2
Elation over discovering a rare book in a quaint bookstore.      ,Elation, Instagram , USA               ,elation discovering rare book quaint bookstore,Positive,2
Curiosity piqued by the mysteries of an ancient archaeological site.,Curiosity, Facebook , Australia          ,curiosity piqued mystery ancient archaeological site,Neutral,1
Mesmerized by the cosmic dance of fireflies on a moonlit night.    ,Enchantment, Instagram , Brazil           ,mesmerized cosmic dance firefly moonlit night,Neutral,1
Intrigued by the symphony of colors in an abstract art exhibition. ,Intrigue, Twitter  , France           ,intrigued symphony color abstract art exhibition,Neutral,1
Giggles and joy echo in the air during a children's playdate.      ,PlayfulJoy, Facebook , Japan            ,giggle joy echo air childrens playdate,Neutral,1
Enveloped in serenity while practicing mindfulness by the lake.    ,Mindfulness, Instagram , Canada           ,enveloped serenity practicing mindfulness lake,Neutral,1
Chasing dreams like a kite soaring high in the vast open sky.      ,DreamChaser, Twitter  , Australia         ,chasing dream like kite soaring high vast open sky,Neutral,1
Spellbound by the elegance of a ballroom dance under crystal chandeliers. ,Elegance, Facebook , UK               ,spellbound elegance ballroom dance crystal chandelier,Neutral,1
Whimsical delight in a world of fairy tales and magical creatures.  ,Whimsy, Instagram , USA             ,whimsical delight world fairy tale magical creature,Neutral,1
Pensive contemplation amid the ancient ruins of a forgotten civilization. ,Pensive, Twitter  , Greece           ,pensive contemplation amid ancient ruin forgotten civilization,Neutral,1
Embracing the thrill of speed on a rollercoaster's exhilarating twists. ,Thrill, Facebook , Germany         ,embracing thrill speed rollercoasters exhilarating twist,Positive,2
Harmony resonates as musicians play a melody of unity and togetherness. ,Harmony, Instagram , Sweden          ,harmony resonates musician play melody unity togetherness,Neutral,1
A burst of creativity in the quiet solitude of an artist's studio.  ,Creativity, Twitter  , Italy           ,burst creativity quiet solitude artist studio,Neutral,1
Radiant joy akin to blooming flowers on a sun-kissed spring morning. ,Radiance, Facebook , Netherlands     ,radiant joy akin blooming flower sunkissed spring morning,Neutral,1
A sense of wonder at the vastness of the cosmos on a stargazing night. ,Wonder, Instagram , South Africa    ,sense wonder vastness cosmos stargazing night,Positive,2
Rejuvenated by the salty breeze and the sound of waves at the seaside. ,Rejuvenation, Twitter  , Spain           ,rejuvenated salty breeze sound wave seaside,Neutral,1
Whispers of inspiration from the rustling leaves in a serene forest. ,Inspiration, Facebook , Portugal        ,whisper inspiration rustling leaf serene forest,Positive,2
Savoring the warmth of a cup of cocoa on a chilly winter evening.   ,Coziness, Instagram , Switzerland     ,savoring warmth cup cocoa chilly winter evening,Neutral,1
Heartfelt gratitude for the laughter shared during a family reunion. ,Gratitude, Facebook , Austria         ,heartfelt gratitude laughter shared family reunion,Positive,2
"Embarking on a culinary adventure, savoring exotic flavors around the world. ",Adventure, Twitter  , Belgium         ,embarking culinary adventure savoring exotic flavor around world,Positive,2
Euphoria floods in as the final puzzle piece clicks into place.       ,Euphoria, Instagram , Denmark         ,euphoria flood final puzzle piece click place,Positive,2
Awe-inspired by the grandeur of an ancient cathedral's intricate architecture. ,Awe, Facebook , Czech Republic  ,aweinspired grandeur ancient cathedral intricate architecture,Positive,2
Captivated by the ethereal beauty of a field filled with fireflies. ,Enchantment, Instagram , Brazil           ,captivated ethereal beauty field filled firefly,Neutral,1
Immersed in the enchanting melodies of a street musician's violin. ,Melodic, Twitter  , France           ,immersed enchanting melody street musician violin,Neutral,1
Joyful laughter resonates through a lively summer carnival.         ,FestiveJoy, Facebook , Japan            ,joyful laughter resonates lively summer carnival,Neutral,1
Exploring the universe within during a mindful meditation session. ,InnerJourney, Instagram , Canada           ,exploring universe within mindful meditation session,Neutral,1
Soaring like a free spirit on the winds of a coastal cliff.        ,Freedom, Twitter  , Australia         ,soaring like free spirit wind coastal cliff,Neutral,1
Dazzled by the elegance of a masquerade ball's dazzling costumes. ,Dazzle, Facebook , UK               ,dazzled elegance masquerade ball dazzling costume,Neutral,1
Whimsical delight in a world of whimsical fairy tales.             ,Whimsy, Instagram , USA             ,whimsical delight world whimsical fairy tale,Neutral,1
Reflective contemplation amid the ruins of a forgotten era.        ,Reflection, Twitter  , Greece           ,reflective contemplation amid ruin forgotten era,Neutral,1
Riding the adrenaline rush on a rollercoaster's wild twists.      ,Adrenaline, Facebook , Germany         ,riding adrenaline rush rollercoasters wild twist,Neutral,1
Harmony resonates as musicians play a symphony of unity.           ,Harmony, Instagram , Sweden          ,harmony resonates musician play symphony unity,Neutral,1
A burst of artistic creativity in the quietude of an artist's studio. ,ArtisticBurst, Twitter  , Italy           ,burst artistic creativity quietude artist studio,Neutral,1
Radiant joy akin to blossoming flowers on a sunlit spring morning. ,Radiance, Facebook , Netherlands     ,radiant joy akin blossoming flower sunlit spring morning,Neutral,1
Awe-inspired by the vastness of the cosmos on a stargazing night.   ,Wonder, Instagram , South Africa    ,aweinspired vastness cosmos stargazing night,Positive,2
"Embarking on a culinary odyssey, savoring flavors around the world. ",CulinaryOdyssey, Twitter  , Belgium         ,embarking culinary odyssey savoring flavor around world,Neutral,1
Euphoria floods in as the final puzzle piece fits perfectly.       ,Euphoria, Instagram , Denmark         ,euphoria flood final puzzle piece fit perfectly,Positive,2
Awe-struck by the grandeur of an ancient cathedral's intricate architecture. ,Awe, Facebook , Czech Republic  ,awestruck grandeur ancient cathedral intricate architecture,Positive,2
Curiosity awakened by the mysteries of an ancient archaeological site. ,Curiosity, Instagram , Australia ,curiosity awakened mystery ancient archaeological site,Neutral,1
Giddy with excitement as the first snowflakes dance from the sky. ,Excitement, Twitter  , Canada         ,giddy excitement first snowflake dance sky,Positive,2
Contentment envelops as the aroma of freshly baked bread fills the air. ,Contentment, Instagram , France          ,contentment envelops aroma freshly baked bread fill air,Positive,2
Inspired by the resilience of a lone tree standing tall in a storm. ,Resilience, Facebook , USA             ,inspired resilience lone tree standing tall storm,Neutral,1
"Lost in the pages of a captivating novel, transported to another world. ",Immersion, Twitter  , UK              ,lost page captivating novel transported another world,Neutral,1
Drenched in nostalgia while flipping through an old family photo album. ,Nostalgia, Instagram , India          ,drenched nostalgia flipping old family photo album,Neutral,1
Spark of inspiration ignites like a shooting star in the night sky. ,Spark, Facebook , Australia      ,spark inspiration ignites like shooting star night sky,Neutral,1
Imbued with gratitude for the simple pleasure of a warm cup of tea. ,Gratitude, Twitter  , Japan           ,imbued gratitude simple pleasure warm cup tea,Positive,2
Marveling at the kaleidoscope of colors in a vibrant street market. ,Marvel, Instagram , Brazil          ,marveling kaleidoscope color vibrant street market,Neutral,1
Awash with serenity as the sun sets over a tranquil lakeside retreat. ,Serenity, Facebook , Germany       ,awash serenity sun set tranquil lakeside retreat,Positive,2
Drowning in sorrow as memories of lost love resurface.            ,Heartbreak, Instagram , USA             ,drowning sorrow memory lost love resurface,Negative,0
Numbness sets in as the weight of loneliness grows heavier.       ,Loneliness, Twitter  , Canada          ,numbness set weight loneliness grows heavier,Negative,0
"Tears fall like raindrops, mourning the end of a cherished friendship. ",Grief, Facebook , UK              ,tear fall like raindrop mourning end cherished friendship,Negative,0
"Despair clouds the mind, feeling adrift in an endless sea of darkness. ",Despair, Instagram , Australia        ,despair cloud mind feeling adrift endless sea darkness,Negative,0
"Shattered by betrayal, trust crumbles like fragile glass.          ",Betrayal, Twitter  , Germany         ,shattered betrayal trust crumbles like fragile glass,Neutral,1
"Aching heart, the symphony of pain plays in the silence of solitude. ",Suffering, Facebook , Brazil          ,aching heart symphony pain play silence solitude,Negative,0
"Emotional storm, a whirlwind of sadness engulfs every thought.    ",EmotionalStorm, Instagram , India          ,emotional storm whirlwind sadness engulfs every thought,Neutral,1
"Haunted by regrets, the ghost of the past lingers relentlessly.   ",Regret, Twitter  , France         ,haunted regret ghost past lingers relentlessly,Negative,0
"Torn apart by grief, the echoes of loss reverberate through the soul. ",Grief, Facebook , Italy         ,torn apart grief echo loss reverberate soul,Negative,0
"Isolation deepens, an emotional winter where warmth is but a distant memory. ",Isolation, Instagram , Japan       ,isolation deepens emotional winter warmth distant memory,Negative,0
"Soul-crushing disappointment, hopes shattered like fragile glass. ",Disappointment, Twitter  , Spain        ,soulcrushing disappointment hope shattered like fragile glass,Neutral,1
"Painful echoes of a love once cherished, now lost in the abyss of time. ",LostLove, Facebook , Netherlands  ,painful echo love cherished lost abyss time,Neutral,1
"Heartache deepens, a solitary journey through the abyss of despair. ",Despair, Instagram , South Africa ,heartache deepens solitary journey abyss despair,Negative,0
"Melancholy lingers, a bittersweet serenade in the quietude of solitude. ",Melancholy, Twitter , UK         ,melancholy lingers bittersweet serenade quietude solitude,Negative,0
"Bitterness like a poison, seeping into every crevice of the wounded heart. ",Bitterness, Facebook , Australia   ,bitterness like poison seeping every crevice wounded heart,Negative,0
"Emotional exhaustion, the weight of the world crushing weary shoulders. ",Exhaustion, Instagram , Canada     ,emotional exhaustion weight world crushing weary shoulder,Negative,0
"Sorrowful echoes, a symphony of pain played by the strings of loss. ",Sorrow, Twitter  , Germany     ,sorrowful echo symphony pain played string loss,Negative,0
"Darkness descends, engulfing the soul in the shadows of despair.  ",Darkness, Facebook , USA         ,darkness descends engulfing soul shadow despair,Neutral,1
"Desperation whispers, the silent plea for a glimmer of hope in the abyss. ",Desperation, Instagram , France    ,desperation whisper silent plea glimmer hope abyss,Negative,0
"Heart in ruins, the remnants of shattered dreams scattered in the wind. ",Ruins, Twitter  , Brazil     ,heart ruin remnant shattered dream scattered wind,Neutral,1
"Shattered by the echoes of a shattered dream, fragments of hope scattered. ",Desolation, Twitter , Australia ,shattered echo shattered dream fragment hope scattered,Negative,0
"Avoiding the thorns of regret, walking barefoot on the path of remorse. ",Regret, Instagram , Canada ,avoiding thorn regret walking barefoot path remorse,Negative,0
"In the labyrinth of grief, the walls echo with the footsteps of lost joy. ",Grief, Facebook , USA ,labyrinth grief wall echo footstep lost joy,Negative,0
"A soul adrift in the sea of solitude, waves of loneliness crashing relentlessly. ",Loneliness, Twitter , UK ,soul adrift sea solitude wave loneliness crashing relentlessly,Negative,0
"The bitterness of betrayal, a taste that lingers, staining the palate of trust. ",Bitterness, Instagram , Germany ,bitterness betrayal taste lingers staining palate trust,Negative,0
"In the ruins of hope, echoes of shattered dreams whisper tales of loss. ",Desolation, Facebook , Brazil ,ruin hope echo shattered dream whisper tale loss,Negative,0
"Sinking like a stone in the ocean of heartbreak, each ripple a sigh of despair. ",Heartbreak, Twitter , France ,sinking like stone ocean heartbreak ripple sigh despair,Negative,0
"Tears, the ink staining the pages of a journal, a testament to silent grief. ",Grief, Instagram , India ,tear ink staining page journal testament silent grief,Negative,0
"In the wasteland of lost trust, the echoes of broken promises reverberate. ",Betrayal, Facebook , Italy ,wasteland lost trust echo broken promise reverberate,Neutral,1
"Avoiding the shards of shattered dreams, walking the tightrope of resilience. ",Resilience, Twitter , Japan ,avoiding shard shattered dream walking tightrope resilience,Neutral,1
"Suffocating in the silence of solitude, where echoes of laughter once thrived. ",Isolation, Instagram , South Africa ,suffocating silence solitude echo laughter thrived,Negative,0
"Haunted by the specter of lost possibilities, a ghost that refuses to fade away. ",Regret, Twitter , Spain ,haunted specter lost possibility ghost refuse fade away,Negative,0
"In the labyrinth of despair, the echoes of a broken heart reverberate endlessly. ",Despair, Facebook , Australia ,labyrinth despair echo broken heart reverberate endlessly,Negative,0
"Sinking like autumn leaves in the river of sorrow, carried away by the current. ",Sorrow, Instagram , Canada ,sinking like autumn leaf river sorrow carried away current,Negative,0
"In the garden of broken dreams, petals fall, a silent testimony to shattered hopes. ",Desolation, Twitter , UK ,garden broken dream petal fall silent testimony shattered hope,Negative,0
"Tears, the currency of grief, spent in the marketplace of lost love and longing. ",Grief, Facebook , USA ,tear currency grief spent marketplace lost love longing,Negative,0
"Wandering in the maze of betrayal, the walls closing in with every wrong turn. ",Betrayal, Instagram , Germany ,wandering maze betrayal wall closing every wrong turn,Neutral,1
"A soul weathered by the storm of heartbreak, seeking refuge in the calm after. ",Heartbreak, Twitter , Brazil ,soul weathered storm heartbreak seeking refuge calm,Negative,0
"In the tapestry of despair, threads of hope unravel, leaving a portrait of sorrow. ",Despair, Facebook , India ,tapestry despair thread hope unravel leaving portrait sorrow,Negative,0
"Like a withered rose in the garden of love, petals fall, a silent surrender to time. ",Loss, Instagram , France ,like withered rose garden love petal fall silent surrender time,Negative,0
"In the void of heartache, echoes of a love song play, each note a pang of longing. ",Heartache, Instagram , Japan ,void heartache echo love song play note pang longing,Neutral,1
"Nostalgia, a bittersweet dance in the moonlit ballroom of cherished memories. ",Nostalgia, Twitter , Italy ,nostalgia bittersweet dance moonlit ballroom cherished memory,Neutral,1
"In the symphony of grief, each tear is a note, composing a melancholic melody. ",Grief, Facebook , Germany ,symphony grief tear note composing melancholic melody,Negative,0
"Betrayal, a venomous serpent slithering through the garden of trust, poisoning roots. ",Betrayal, Instagram , Canada ,betrayal venomous serpent slithering garden trust poisoning root,Neutral,1
"Sinking in the quicksand of despair, the harder you fight, the deeper you descend. ",Despair, Twitter , USA ,sinking quicksand despair harder fight deeper descend,Negative,0
"Wandering through the cemetery of lost dreams, tombstones marking untold sorrows. ",Desolation, Facebook , France ,wandering cemetery lost dream tombstone marking untold sorrow,Negative,0
"Swept away by the river of regret, the currents of the past refusing to release. ",Regret, Instagram , UK ,swept away river regret current past refusing release,Negative,0
"Whispers of lost love linger in the attic of the heart, forgotten but not erased. ",Loss, Twitter , Australia ,whisper lost love linger attic heart forgotten erased,Negative,0
"In the gallery of broken promises, each shattered vow framed, a painful exhibition. ",Betrayal, Facebook , Brazil ,gallery broken promise shattered vow framed painful exhibition,Neutral,1
"The echoes of solitude, a silent conversation between a soul and its shadows. ",Solitude, Instagram , Spain ,echo solitude silent conversation soul shadow,Neutral,1
"Dancing on sunshine, each step a celebration of the joy found in simple moments. ",Joy, Instagram , USA ,dancing sunshine step celebration joy found simple moment,Positive,2
"Laughter echoes in the air, a chorus of happiness that lifts the spirit higher. ",Happiness, Twitter , Canada ,laughter echo air chorus happiness lift spirit higher,Positive,2
"In the garden of contentment, each bloom whispers tales of inner peace and joy. ",Contentment, Facebook , UK ,garden contentment bloom whisper tale inner peace joy,Positive,2
"Chasing dreams under the vibrant sky, a journey fueled by hope and enthusiasm. ",Enthusiasm, Instagram , Australia ,chasing dream vibrant sky journey fueled hope enthusiasm,Positive,2
"Serenading the stars with a heart full of gratitude, a melody of thankfulness. ",Gratitude, Twitter , India ,serenading star heart full gratitude melody thankfulness,Positive,2
"Basking in the glow of accomplishment, each milestone a stepping stone to happiness. ",Accomplishment, Facebook , Germany ,basking glow accomplishment milestone stepping stone happiness,Positive,2
"In the dance of positivity, every step is a rhythm, uplifting the soul in harmony. ",Positivity, Instagram , France ,dance positivity every step rhythm uplifting soul harmony,Neutral,1
"Overflowing with joy, a cup of laughter shared with friends, a moment cherished. ",Joy, Twitter , Japan ,overflowing joy cup laughter shared friend moment cherished,Positive,2
"Draped in the warmth of kindness, a quilt of compassion stitched with love. ",Kindness, Facebook , Brazil ,draped warmth kindness quilt compassion stitched love,Neutral,1
"In the garden of friendships, each bloom a testament to the beauty of camaraderie. ",Friendship, Instagram , South Africa ,garden friendship bloom testament beauty camaraderie,Neutral,1
"In the embrace of love, each heartbeat is a melody, dancing to the rhythm of affection. ",Love, Twitter , USA ,embrace love heartbeat melody dancing rhythm affection,Positive,2
"Surrounded by the colors of joy, a canvas painted with laughter and endless smiles. ",Joy, Instagram , Canada ,surrounded color joy canvas painted laughter endless smile,Positive,2
"In the symphony of excitement, each note is a burst of energy, igniting the soul with fervor. ",Excitement, Facebook , UK ,symphony excitement note burst energy igniting soul fervor,Positive,2
"A surprise gift, wrapped in anticipation, unfolds a moment of delight and wonder. ",Surprise, Twitter , Australia ,surprise gift wrapped anticipation unfolds moment delight wonder,Positive,2
"Lost in the maze of curiosity, each twist and turn unveils the treasures of discovery. ",Curiosity, Instagram , India ,lost maze curiosity twist turn unveils treasure discovery,Neutral,1
"Floating on clouds of gratitude, each raindrop a blessing, a shower of thankfulness. ",Gratitude, Facebook , Germany ,floating cloud gratitude raindrop blessing shower thankfulness,Positive,2
"Like a comet of inspiration, streaking through the sky of creativity, leaving trails of brilliance. ",Inspiration, Twitter , France ,like comet inspiration streaking sky creativity leaving trail brilliance,Positive,2
"In the celebration of success, fireworks of accomplishment light up the night sky of triumph. ",Success, Instagram , Japan ,celebration success firework accomplishment light night sky triumph,Neutral,1
"A symphony of laughter, each note a key to unlocking the door of boundless happiness. ",Happiness, Facebook , Brazil ,symphony laughter note key unlocking door boundless happiness,Positive,2
"In the carnival of emotions, the rollercoaster of thrill sends the heart on a wild ride. ",Thrill, Instagram , South Africa ,carnival emotion rollercoaster thrill sends heart wild ride,Positive,2
"Standing before the grandeur of the Eiffel Tower, a moment to reflect on the beauty of Parisian dreams. ",Reflection, Twitter , France ,standing grandeur eiffel tower moment reflect beauty parisian dream,Neutral,1
"Lost in the enchantment of Disneyland, each ride a journey into the realm of childhood fantasies. ",Enchantment, Instagram , USA ,lost enchantment disneyland ride journey realm childhood fantasy,Neutral,1
"Exploring the wonders of Ferrari World, the roar of engines creating a symphony of speed. ",Excitement, Facebook , Italy ,exploring wonder ferrari world roar engine creating symphony speed,Positive,2
"Amidst the tulip fields of Keukenhof, a tapestry of colors that paints the soul with springtime joy. ",Joy, Instagram , Netherlands ,amidst tulip field keukenhof tapestry color paint soul springtime joy,Positive,2
"Wandering through the historical streets of Kyoto, each step a journey into the heart of Japan's traditions. ",Exploration, Twitter , Japan ,wandering historical street kyoto step journey heart japan tradition,Neutral,1
"In the embrace of the Grand Canyon, nature's masterpiece, a moment to marvel at Earth's grandeur. ",Awe, Instagram , USA ,embrace grand canyon nature masterpiece moment marvel earth grandeur,Positive,2
"Journeying through the serenity of Santorini, where each sunset paints the sky with hues of tranquility. ",Serenity, Facebook , Greece ,journeying serenity santorini sunset paint sky hue tranquility,Positive,2
"Amazed by the architectural marvels of Petra, each stone telling tales of an ancient civilization. ",Amazement, Twitter , Jordan ,amazed architectural marvel petra stone telling tale ancient civilization,Neutral,1
"Embarking on a gondola ride in Venice, each canal reflecting the romance of this timeless city. ",Romance, Instagram , Italy ,embarking gondola ride venice canal reflecting romance timeless city,Neutral,1
"At the summit of Machu Picchu, a breathtaking panorama that whispers the secrets of ancient civilizations. ",Awe, Facebook , Peru ,summit machu picchu breathtaking panorama whisper secret ancient civilization,Positive,2
"In the heart of New York City, Times Square dazzles with lights, a vibrant spectacle of urban energy. ",Excitement, Instagram , USA ,heart new york city time square dazzle light vibrant spectacle urban energy,Positive,2
"Captivated by the historical charm of the Colosseum, each stone echoing tales of gladiator valor. ",Captivation, Twitter , Italy ,captivated historical charm colosseum stone echoing tale gladiator valor,Positive,2
"Sailing the azure waters of the Maldives, each wave a whisper of serenity in paradise. ",Serenity, Facebook , Maldives ,sailing azure water maldives wave whisper serenity paradise,Positive,2
"In the midst of the Amazon rainforest, a symphony of wildlife creates an orchestra of nature's wonders. ",Wonder, Instagram , Brazil ,midst amazon rainforest symphony wildlife creates orchestra nature wonder,Positive,2
"Walking the Great Wall of China, each step a testament to ancient engineering marvels. ",Awe, Twitter , China ,walking great wall china step testament ancient engineering marvel,Positive,2
"At the summit of Mount Fuji, a breathtaking sunrise that paints the sky with hues of accomplishment. ",Accomplishment, Facebook , Japan ,summit mount fuji breathtaking sunrise paint sky hue accomplishment,Positive,2
"Exploring the ancient ruins of Angkor Wat, each stone whispering stories of Khmer civilization. ",Exploration, Instagram , Cambodia ,exploring ancient ruin angkor wat stone whispering story khmer civilization,Neutral,1
"Skiing down the slopes of the Swiss Alps, each turn a dance with the majesty of snow-capped peaks. ",Adventure, Twitter , Switzerland ,skiing slope swiss alp turn dance majesty snowcapped peak,Positive,2
"In the tranquility of Kyoto's bamboo forest, whispers of ancient Zen wisdom echo through the groves. ",Tranquility, Facebook , Japan ,tranquility kyoto bamboo forest whisper ancient zen wisdom echo grove,Positive,2
"Cruising the fjords of Norway, each icy landscape a breathtaking masterpiece of nature's grandeur. ",Grandeur, Instagram , Norway ,cruising fjord norway icy landscape breathtaking masterpiece nature grandeur,Neutral,1
"At the front row of Adele's concert, each note of 'Someone Like You' resonates with soul-stirring emotion. ",Emotion, Instagram , USA ,front row adeles concert note someone like resonates soulstirring emotion,Neutral,1
"Dancing under the stars at Beyoncé's live show, feeling the power of 'Single Ladies' in every move. ",Energy, Twitter , USA ,dancing star beyoncs live show feeling power single lady every move,Neutral,1
"In the crowd of a Taylor Swift concert, the lyrics of 'Love Story' create an enchanting fairy tale. ",Enchantment, Facebook , USA ,crowd taylor swift concert lyric love story create enchanting fairy tale,Neutral,1
"Rocking out to the guitar solos at a Queen tribute concert, a journey back in time with Freddie's spirit. ",Nostalgia, Instagram , UK ,rocking guitar solo queen tribute concert journey back time freddies spirit,Neutral,1
"Swaying to Ed Sheeran's acoustic melodies, a serene evening filled with 'Perfect' moments. ",Serenity, Twitter , UK ,swaying ed sheerans acoustic melody serene evening filled perfect moment,Positive,2
"Immersed in the pulsating beats of a Bruno Mars concert, where 'Uptown Funk' becomes a city of joy. ",Joy, Facebook , USA ,immersed pulsating beat bruno mar concert uptown funk becomes city joy,Positive,2
"At a Michael Jackson tribute show, moonwalking through the hits, a celebration of the King of Pop. ",Celebration, Instagram , USA ,michael jackson tribute show moonwalking hit celebration king pop,Positive,2
"Swinging to the rhythms of a Frank Sinatra tribute, feeling the timeless charm of 'Fly Me to the Moon'. ",Charm, Twitter , USA ,swinging rhythm frank sinatra tribute feeling timeless charm fly moon,Neutral,1
"In the mosh pit of a Metallica concert, the thunderous chords create a symphony of headbanging ecstasy. ",Ecstasy, Facebook , USA ,mosh pit metallica concert thunderous chord create symphony headbanging ecstasy,Neutral,1
"Experiencing the magic of a Coldplay concert, where 'Fix You' becomes a beacon of hope in the night. ",Hope, Instagram , UK ,experiencing magic coldplay concert fix becomes beacon hope night,Positive,2
"At a Justin Bieber concert, the infectious beats of 'Baby' create a dance floor of unbridled enthusiasm. ",Enthusiasm, Instagram , Canada ,justin bieber concert infectious beat baby create dance floor unbridled enthusiasm,Positive,2
"In the spotlight at a Lady Gaga show, each costume change is a metamorphosis of creativity and artistry. ",Creativity, Twitter , USA ,spotlight lady gaga show costume change metamorphosis creativity artistry,Neutral,1
"Immersed in the soulful melodies of Adele, tears flow freely, moved by the emotion of 'Hello'. ",Emotion, Facebook , UK ,immersed soulful melody adele tear flow freely moved emotion hello,Neutral,1
"Drenched in confetti at a Katy Perry concert, a kaleidoscope of colors igniting the night sky. ",Colorful, Instagram , USA ,drenched confetti katy perry concert kaleidoscope color igniting night sky,Neutral,1
"In the audience of a Jay-Z performance, the lyrics of 'Empire State of Mind' become an anthem of pride. ",Pride, Twitter , USA ,audience jayz performance lyric empire state mind become anthem pride,Positive,2
"Dancing to Shakira's rhythmic beats, hips swaying to the hypnotic charm of 'Hips Don't Lie'. ",Hypnotic, Facebook , Colombia ,dancing shakiras rhythmic beat hip swaying hypnotic charm hip dont lie,Positive,2
"At a U2 concert, the anthemic chords of 'With or Without You' create a timeless moment of connection. ",Connection, Instagram , Ireland ,u concert anthemic chord without create timeless moment connection,Neutral,1
"Rocking out at a Guns N' Roses show, the iconic riffs of 'Sweet Child o' Mine' echoing in the night. ",Iconic, Twitter , USA ,rocking gun n rose show iconic riff sweet child mine echoing night,Neutral,1
"In the crowd of an Ariana Grande concert, the high notes of 'Into You' create a euphoric symphony. ",Euphoria, Facebook , USA ,crowd ariana grande concert high note create euphoric symphony,Positive,2
"Swaying to the reggae vibes of Bob Marley's tribute concert, each chord a journey to Jamaica's soul. ",Journey, Instagram , Jamaica ,swaying reggae vibe bob marley tribute concert chord journey jamaica soul,Neutral,1
"Captivated by the spellbinding plot twists, the audience applauds, experiencing a rollercoaster of emotions at the movie premiere. ",Excitement, Twitter , USA ,captivated spellbinding plot twist audience applauds experiencing rollercoaster emotion movie premiere,Positive,2
"As the credits roll, a profound sense of nostalgia washes over, reminiscent of cherished moments in classic films. ",Nostalgia, Instagram , UK ,credit roll profound sense nostalgia wash reminiscent cherished moment classic film,Neutral,1
"Streaming the latest web series, the viewer is engrossed in the characters' journey, feeling a sense of connection and empathy. ",Engagement, Facebook , Canada ,streaming latest web series viewer engrossed character journey feeling sense connection empathy,Neutral,1
"At the film festival, the indie filmmaker's creation receives a standing ovation, evoking pride and a sense of accomplishment. ",Pride, Twitter , Australia ,film festival indie filmmaker creation receives standing ovation evoking pride sense accomplishment,Positive,2
"Watching a heartwarming family drama, tears flow freely as the characters overcome challenges, leaving the viewer with a warm glow. ",Touched, Instagram , India ,watching heartwarming family drama tear flow freely character overcome challenge leaving viewer warm glow,Neutral,1
"At the Oscars, the actor graciously accepts an award, radiating joy and gratitude for the recognition of their outstanding performance. ",Gratitude, Facebook , USA ,oscar actor graciously accepts award radiating joy gratitude recognition outstanding performance,Positive,2
"Discovering a hidden gem in the world of documentaries, the viewer is enlightened and inspired, feeling a renewed sense of curiosity. ",Inspiration, Twitter , France ,discovering hidden gem world documentary viewer enlightened inspired feeling renewed sense curiosity,Positive,2
"As the movie credits roll, the viewer experiences a mix of awe and contemplation, pondering the deeper meanings woven into the storyline. ",Contemplation, Instagram , Germany ,movie credit roll viewer experience mix awe contemplation pondering deeper meaning woven storyline,Neutral,1
"Binge-watching a thrilling crime series, the suspense keeps the viewer on the edge of their seat, creating a rush of adrenaline. ",Suspense, Facebook , Japan ,bingewatching thrilling crime series suspense keep viewer edge seat creating rush adrenaline,Neutral,1
"As the closing scene unfolds, a sense of satisfaction washes over, completing the cinematic journey with a profound and fulfilling ending. ",Satisfaction, Twitter , Brazil ,closing scene unfolds sense satisfaction wash completing cinematic journey profound fulfilling ending,Positive,2
"Celebrating a historic victory in the World Cup, the nation erupts in joy, united by the triumph of their football team. ",Joy, Instagram , Brazil ,celebrating historic victory world cup nation erupts joy united triumph football team,Positive,2
"At the Olympics, the athlete's perseverance shines through, earning a gold medal and inspiring a generation with their remarkable achievement. ",Inspiration, Twitter , USA ,olympics athlete perseverance shine earning gold medal inspiring generation remarkable achievement,Positive,2
"In the cricket championship, a nail-biting finish leaves fans on the edge of their seats, experiencing a rollercoaster of emotions. ",Excitement, Facebook , India ,cricket championship nailbiting finish leaf fan edge seat experiencing rollercoaster emotion,Positive,2
"Witnessing a record-breaking marathon, spectators are filled with awe and admiration for the endurance and dedication of the runners. ",Admiration, Instagram , Kenya ,witnessing recordbreaking marathon spectator filled awe admiration endurance dedication runner,Positive,2
"In the tennis grand slam, a fierce rivalry unfolds, captivating fans with a display of skill and sportsmanship on the world stage. ",Captivation, Twitter , UK ,tennis grand slam fierce rivalry unfolds captivating fan display skill sportsmanship world stage,Positive,2
"Cheering for the underdog in the basketball finals, the crowd erupts in applause as the team defies odds to claim the championship title. ",Triumph, Facebook , USA ,cheering underdog basketball final crowd erupts applause team defies odds claim championship title,Neutral,1
"At the golf tournament, the golfer's precision and focus lead to a stunning victory, leaving spectators in awe of their exceptional skill. ",Awe, Instagram , Scotland ,golf tournament golfer precision focus lead stunning victory leaving spectator awe exceptional skill,Positive,2
"Experiencing the thrill of a high-speed Formula 1 race, fans are on the edge of their seats as drivers compete for the championship. ",Thrill, Twitter , Germany ,experiencing thrill highspeed formula race fan edge seat driver compete championship,Positive,2
"In the cycling world championship, the climber conquers challenging terrains, symbolizing determination and achievement against all odds. ",Determination, Facebook , Italy ,cycling world championship climber conquers challenging terrain symbolizing determination achievement odds,Neutral,1
"Witnessing a heartwarming comeback in the hockey finals, fans share tears of joy as the team secures a historic victory after adversity. ",Heartwarming, Instagram , Canada ,witnessing heartwarming comeback hockey final fan share tear joy team secures historic victory adversity,Neutral,1
"After a series of defeats, the soccer team faces disappointment, struggling to find the silver lining in a challenging season. ",Disappointment, Twitter , Brazil ,series defeat soccer team face disappointment struggling find silver lining challenging season,Neutral,1
"In the tennis tournament, a highly anticipated player experiences a setback, leaving fans in shock and questioning the unforeseen turn of events. ",Frustration, Instagram , USA ,tennis tournament highly anticipated player experience setback leaving fan shock questioning unforeseen turn event,Negative,0
"Facing a defeat in the championship, the boxer reflects on the challenges, vowing to return stronger and more determined in the next bout. ",Reflection, Facebook , UK ,facing defeat championship boxer reflects challenge vowing return stronger determined next bout,Neutral,1
"In the midst of a cycling race, a tire blowout leads to frustration for the cyclist, who valiantly tries to overcome the unexpected obstacle. ",Obstacle, Twitter , France ,midst cycling race tire blowout lead frustration cyclist valiantly try overcome unexpected obstacle,Neutral,1
"The gymnast's unexpected fall during a routine sparks a wave of sympathy from the audience, highlighting the vulnerability of sports. ",Sympathy, Instagram , Japan ,gymnast unexpected fall routine spark wave sympathy audience highlighting vulnerability sport,Neutral,1
"In the golf tournament, a missed crucial putt results in defeat, causing the golfer to reflect on the pressure of high-stakes competition. ",Pressure, Facebook , USA ,golf tournament missed crucial putt result defeat causing golfer reflect pressure highstakes competition,Neutral,1
"Experiencing a series of losses in the basketball season, the team grapples with frustration, determined to turn the tide with renewed effort. ",Renewed Effort, Twitter , Canada ,experiencing series loss basketball season team grapple frustration determined turn tide renewed effort,Neutral,1
"Despite meticulous training, the swimmer faces disappointment as a split-second miscalculation costs them the lead in a crucial race. ",Miscalculation, Instagram , Australia ,despite meticulous training swimmer face disappointment splitsecond miscalculation cost lead crucial race,Neutral,1
"The weightlifter's failed attempt at a personal record results in frustration, highlighting the challenging nature of pushing physical limits. ",Challenge, Facebook , Germany ,weightlifter failed attempt personal record result frustration highlighting challenging nature pushing physical limit,Neutral,1
"In the midst of a soccer match, an unexpected own goal creates a moment of despair for the player, as teammates console and encourage them. ",Despair, Twitter , Spain ,midst soccer match unexpected goal creates moment despair player teammate console encourage,Negative,0
"In the serene beauty of a sunset, nature unfolds a canvas of colors, evoking a sense of tranquility and wonder. ",Tranquility, Instagram , Canada ,serene beauty sunset nature unfolds canvas color evoking sense tranquility wonder,Positive,2
"Embarking on a spontaneous road trip, the traveler discovers hidden gems, creating memories that will be cherished for a lifetime. ",Adventure, Twitter , USA ,embarking spontaneous road trip traveler discovers hidden gem creating memory cherished lifetime,Positive,2
"Amidst the bustling city, a quiet café becomes a sanctuary for reflection, where a cup of coffee brings solace to the wandering mind. ",Solace, Facebook , France ,amidst bustling city quiet caf becomes sanctuary reflection cup coffee brings solace wandering mind,Neutral,1
"Exploring the vibrant street art of a cultural neighborhood, each mural tells a story, infusing the city with creativity and expression. ",Creativity, Instagram , Brazil ,exploring vibrant street art cultural neighborhood mural tell story infusing city creativity expression,Neutral,1
"In the world of science, a breakthrough discovery unfolds, pushing the boundaries of knowledge and opening new frontiers of exploration. ",Breakthrough, Twitter , Germany ,world science breakthrough discovery unfolds pushing boundary knowledge opening new frontier exploration,Neutral,1
"Connecting with the melody of a live orchestra, the music enthusiast experiences a symphony that resonates deep within the soul. ",Harmony, Facebook , UK ,connecting melody live orchestra music enthusiast experience symphony resonates deep within soul,Neutral,1
"Embracing the aroma of freshly baked bread, the home chef finds joy in the art of baking, creating delicious memories for loved ones. ",Joy in Baking, Instagram , India ,embracing aroma freshly baked bread home chef find joy art baking creating delicious memory loved one,Neutral,1
"Wandering through a historical museum, the history enthusiast becomes immersed in the tales of the past, envisioning bygone eras. ",Envisioning History, Twitter , Italy ,wandering historical museum history enthusiast becomes immersed tale past envisioning bygone era,Neutral,1
"In the realm of literature, a captivating novel transports the reader to distant lands, weaving a tapestry of imagination and escape. ",Imagination, Facebook , Japan ,realm literature captivating novel transport reader distant land weaving tapestry imagination escape,Neutral,1
"Capturing the essence of a bustling market, the photographer freezes moments in time, each frame telling a unique and vibrant story. ",Vibrancy, Instagram , Australia ,capturing essence bustling market photographer freeze moment time frame telling unique vibrant story,Neutral,1
"Underneath the city lights, the dancer expresses emotions through graceful movements, creating a mesmerizing performance under the night sky. ",Mesmerizing, Twitter , USA ,underneath city light dancer express emotion graceful movement creating mesmerizing performance night sky,Neutral,1
"In the heart of a bustling market, the street food connoisseur indulges in a culinary adventure, savoring diverse flavors and aromas. ",Culinary Adventure, Instagram , Thailand ,heart bustling market street food connoisseur indulges culinary adventure savoring diverse flavor aroma,Neutral,1
"As the first snowflake descends, the winter enthusiast eagerly prepares for a season of frosty delights, anticipating the magic of snow-covered landscapes. ",Winter Magic, Facebook , Canada ,first snowflake descends winter enthusiast eagerly prepares season frosty delight anticipating magic snowcovered landscape,Neutral,1
"Amidst the pages of a captivating mystery novel, the reader unravels clues and secrets, experiencing a thrilling journey of suspense and revelation. ",Thrilling Journey, Twitter , UK ,amidst page captivating mystery novel reader unravels clue secret experiencing thrilling journey suspense revelation,Neutral,1
"Surrounded by the vibrant colors of a flower garden, the gardener nurtures blossoms, finding joy in the beauty of nature's ever-changing canvas. ",Nature's Beauty, Instagram , Australia ,surrounded vibrant color flower garden gardener nurture blossom finding joy beauty nature everchanging canvas,Neutral,1
"At the astronomy observatory, the stargazer marvels at the vastness of the cosmos, contemplating the mysteries hidden within the celestial expanse. ",Celestial Wonder, Facebook , USA ,astronomy observatory stargazer marvel vastness cosmos contemplating mystery hidden within celestial expanse,Neutral,1
"Engulfed in the aroma of freshly brewed coffee, the writer finds inspiration in every sip, embarking on a journey of creativity and prose. ",Creative Inspiration, Twitter , France ,engulfed aroma freshly brewed coffee writer find inspiration every sip embarking journey creativity prose,Neutral,1
"In the realm of fashion, the designer unveils a collection that tells a story, blending innovation and tradition on the runway of creativity. ",Runway Creativity, Instagram , Italy ,realm fashion designer unveils collection tell story blending innovation tradition runway creativity,Neutral,1
"As the waves crash against the shore, the surfer embraces the thrill of riding the ocean's energy, capturing the essence of freedom in each wave. ",Ocean's Freedom, Facebook , Brazil ,wave crash shore surfer embrace thrill riding ocean energy capturing essence freedom wave,Neutral,1
"Exploring the historical architecture of an ancient city, the traveler is transported to a bygone era, where each monument whispers tales of the past. ",Whispers of the Past, Twitter , Greece ,exploring historical architecture ancient city traveler transported bygone era monument whisper tale past,Neutral,1
Successfully avoided eye contact with my crush in the hallway. Mission accomplished. #TeenCrush #StealthMode ,Excitement, Twitter , USA,successfully avoided eye contact crush hallway mission accomplished teencrush stealthmode,Positive,2
Ran out of snacks during a movie marathon. Crisis level: Emergency! #MovieNightStruggles #TeenProblems ,Boredom, Instagram , Canada,ran snack movie marathon crisis level emergency movienightstruggles teenproblems,Negative,0
Spent an hour choosing the perfect filter for a selfie. The struggle for that Instagram aesthetic is real. #SelfieQueen #TeenVibes ,Joy, Facebook , UK,spent hour choosing perfect filter selfie struggle instagram aesthetic real selfiequeen teenvibes,Positive,2
Lost my headphones again. How do they vanish into thin air? #HeadphoneMystery #TeenLife ,Frustration, Twitter , USA,lost headphone vanish thin air headphonemystery teenlife,Negative,0
Decided to study for exams but ended up making memes about studying instead. Procrastination level: Expert. #ProcrastinationNation #TeenConfessions ,Surprise, Instagram , Canada,decided study exam ended making meme studying instead procrastination level expert procrastinationnation teenconfessions,Positive,2
"Got dressed for the day, then remembered it's Saturday. Oops. #WeekendVibes #TeenStruggles ",Indifference, Facebook , USA,got dressed day remembered saturday oops weekendvibes teenstruggles,Neutral,1
Survived a group project without any drama. Miracles do happen. #GroupProjectSuccess #TeenAchievements ,Satisfaction, Twitter , UK,survived group project without drama miracle happen groupprojectsuccess teenachievements,Positive,2
"Entered the kitchen with the intention to cook. Left with a bag of chips. Cooking is overrated, anyway. #MasterChefInTraining #TeenHumor ",Disgust, Instagram , Canada,entered kitchen intention cook left bag chip cooking overrated anyway masterchefintraining teenhumor,Negative,0
"Staring at the clock in class, waiting for the bell to ring like it's the most exciting event of the day. #ClassCountdown #TeenLife ",Surprise, Facebook , USA,staring clock class waiting bell ring like exciting event day classcountdown teenlife,Positive,2
"Discovered a new book series and spent the whole night reading. Who needs sleep, anyway? #BookwormLife #LateNightReading ",Joy, Twitter , UK,discovered new book series spent whole night reading need sleep anyway bookwormlife latenightreading,Positive,2
"Bought a new video game, played for hours, forgot to eat. The ultimate gaming session. #GamerLife #NoFoodGaming ",Excitement, Instagram , USA,bought new video game played hour forgot eat ultimate gaming session gamerlife nofoodgaming,Positive,2
Spent the day binge-watching a new series. Productivity level: Zero. #LazyDay #TVSeriesMarathon ,Joy, Facebook , Canada,spent day bingewatching new series productivity level zero lazyday tvseriesmarathon,Positive,2
Caught up on the latest fashion trends and now planning a shopping spree. #Fashionista #TrendyTeen ,Excitement, Twitter , USA,caught latest fashion trend planning shopping spree fashionista trendyteen,Positive,2
Decided to learn a new instrument. Day one: Still trying to figure out how to hold it. #MusicNovice #LearningJourney ,Frustration, Instagram , UK,decided learn new instrument day one still trying figure hold musicnovice learningjourney,Negative,0
Spent hours creating the perfect playlist for every mood. Music is my therapy. #PlaylistMaker #TeenMusicLover ,Joy, Facebook , Canada,spent hour creating perfect playlist every mood music therapy playlistmaker teenmusiclover,Positive,2
Successfully cooked a gourmet meal for the family. Chef skills unlocked! #ChefMode #TeenChef ,Pride, Twitter , USA,successfully cooked gourmet meal family chef skill unlocked chefmode teenchef,Positive,2
Spontaneously booked a weekend getaway. Adventure awaits! #TravelBug #WeekendEscape ,Excitement, Instagram , UK,spontaneously booked weekend getaway adventure awaits travelbug weekendescape,Positive,2
Attended a concert and danced the night away. Music is the heartbeat of life. #ConcertVibes #DanceAllNight ,Joy, Facebook , Canada,attended concert danced night away music heartbeat life concertvibes danceallnight,Positive,2
Rediscovered childhood cartoons and had a nostalgia-filled marathon. #CartoonNostalgia #TeenMemories ,Joy, Twitter , USA,rediscovered childhood cartoon nostalgiafilled marathon cartoonnostalgia teenmemories,Positive,2
Embarked on a DIY home decor project. Let's hope it turns out better than last time. #DIYAdventure #TeenHomeDecor ,Excitement, Instagram , UK,embarked diy home decor project let hope turn better last time diyadventure teenhomedecor,Positive,2
"Spent the afternoon at a museum, pretending to be cultured. Art enthusiast in the making. #MuseumDay #TeenArtLover ",Curiosity, Facebook , USA,spent afternoon museum pretending cultured art enthusiast making museumday teenartlover,Neutral,1
Started a blog about random thoughts and musings. Blogging is the new diary. #BloggerLife #TeenBlogger ,Curiosity, Twitter , Canada,started blog random thought musing blogging new diary bloggerlife teenblogger,Neutral,1
Relishing a peaceful afternoon with a classic novel. Quiet moments are the best moments. #BookLover #PeacefulAfternoon ,Contentment, Instagram , USA,relishing peaceful afternoon classic novel quiet moment best moment booklover peacefulafternoon,Positive,2
"Reflecting on a lifetime of memories, each wrinkle tells a story. Embracing the beauty of aging. #LifeReflections #BeautyInAging ",Gratitude, Twitter , UK,reflecting lifetime memory wrinkle tell story embracing beauty aging lifereflections beautyinaging,Positive,2
Exploring the world of digital art. It's never too late to discover new passions. #DigitalArtistry #LateBloomer ,Curiosity, Facebook , Canada,exploring world digital art never late discover new passion digitalartistry latebloomer,Neutral,1
Savoring the flavors of a home-cooked meal. Simple joys are the heart of happiness. #HomeCooking #SimpleJoys ,Contentment, Instagram , USA,savoring flavor homecooked meal simple joy heart happiness homecooking simplejoys,Positive,2
Embarking on a journey of learning a new language. The mind stays young with every new word. #LanguageLearning #NeverTooLate ,Curiosity, Twitter , UK,embarking journey learning new language mind stay young every new word languagelearning nevertoolate,Neutral,1
"Attended a classical music concert, feeling the timeless melodies resonate. Music transcends generations. #ClassicalMusic #TimelessMelodies ",Joy, Facebook , Canada,attended classical music concert feeling timeless melody resonate music transcends generation classicalmusic timelessmelodies,Positive,2
Capturing the beauty of nature through photography. Every snapshot is a treasure. #NaturePhotography #SeniorPhotographer ,Joy, Instagram , USA,capturing beauty nature photography every snapshot treasure naturephotography seniorphotographer,Positive,2
"Reconnecting with old friends over a cup of tea. Friendship, the true essence of companionship. #OldFriends #Companionship ",Contentment, Twitter , UK,reconnecting old friend cup tea friendship true essence companionship oldfriends companionship,Positive,2
"Embarked on a road trip to revisit cherished places from the past. Nostalgia, the ultimate travel companion. #RoadTrip #NostalgiaTour ",Joy, Facebook , Canada,embarked road trip revisit cherished place past nostalgia ultimate travel companion roadtrip nostalgiatour,Positive,2
"Joined a community choir, harmonizing with fellow voices. Music creates bonds that withstand time. #CommunityChoir #HarmonyInAging ",Joy, Instagram , USA,joined community choir harmonizing fellow voice music creates bond withstand time communitychoir harmonyinaging,Positive,2
"Exploring the art of meditation, finding tranquility in the stillness of the mind. #MeditationJourney #TranquilMind ",Contentment, Twitter , UK,exploring art meditation finding tranquility stillness mind meditationjourney tranquilmind,Positive,2
"Taking a stroll in the garden, appreciating the beauty of blooming flowers. Nature's wonders never cease. #GardenWalk #FloralBeauty ",Contentment, Facebook , USA,taking stroll garden appreciating beauty blooming flower nature wonder never cease gardenwalk floralbeauty,Positive,2
"Sipping on a favorite vintage wine, each sip telling a story of the years gone by. Cheers to a life well-lived. #WineLover #VintageCheers ",Contentment, Instagram , UK,sipping favorite vintage wine sip telling story year gone cheer life welllived winelover vintagecheers,Positive,2
"Participated in a community art class, unleashing creativity in the golden years. Art has no age limit. #ArtClass #SeniorArtistry ",Joy, Twitter , Canada,participated community art class unleashing creativity golden year art age limit artclass seniorartistry,Positive,2
"Embarking on a journey of writing a memoir, documenting a lifetime of experiences. Every story matters. #MemoirWriting #SeniorStories ",Gratitude, Facebook , USA,embarking journey writing memoir documenting lifetime experience every story matter memoirwriting seniorstories,Positive,2
"Attended a lecture on history, always fascinated by the lessons from the past. Learning is a lifelong adventure. #HistoryLecture #SeniorLearning ",Curiosity, Instagram , UK,attended lecture history always fascinated lesson past learning lifelong adventure historylecture seniorlearning,Neutral,1
"Rediscovered the joy of cooking traditional family recipes. The kitchen, a place of cherished memories. #FamilyRecipes #SeniorCooking ",Contentment, Twitter , USA,rediscovered joy cooking traditional family recipe kitchen place cherished memory familyrecipes seniorcooking,Positive,2
"Joined a nature photography club, capturing the beauty of the great outdoors. Every click is a connection to nature. #NaturePhotography #SeniorPhotographer ",Joy, Facebook , UK,joined nature photography club capturing beauty great outdoors every click connection nature naturephotography seniorphotographer,Positive,2
"Attended a jazz concert and swayed to the rhythm of timeless tunes. Music, a constant companion in the golden years. #JazzConcert #SeniorMusic ",Joy, Instagram , USA,attended jazz concert swayed rhythm timeless tune music constant companion golden year jazzconcert seniormusic,Positive,2
"Joined a writing group, penning down thoughts and reflections. Writing, a journey into the depths of the soul. #WritingGroup #SeniorWriter ",Gratitude, Twitter , UK,joined writing group penning thought reflection writing journey depth soul writinggroup seniorwriter,Positive,2
"Embarked on a solo travel adventure, discovering the beauty of new places at my own pace. #SoloTravel #SeniorExplorer ",Excitement, Instagram , USA,embarked solo travel adventure discovering beauty new place pace solotravel seniorexplorer,Positive,2
"Attended a vintage car show, reminiscing about the classics that once ruled the roads. Nostalgia in every rev. #VintageCars #ClassicRides ",Joy, Facebook , UK,attended vintage car show reminiscing classic ruled road nostalgia every rev vintagecars classicrides,Positive,2
"Started a community garden, growing not just plants but friendships too. Green thumbs unite! #CommunityGarden #SeniorGardener ",Joy, Twitter , Canada,started community garden growing plant friendship green thumb unite communitygarden seniorgardener,Positive,2
"Hosted a family dinner, where laughter echoed louder than the clinking of utensils. Family, the heart of happiness. #FamilyDinner #SeniorHost ",Contentment, Instagram , USA,hosted family dinner laughter echoed louder clinking utensil family heart happiness familydinner seniorhost,Positive,2
"Enrolled in a dance class for seniors, moving to the rhythm of life. Age is just a number on the dance floor. #DanceClass #SeniorDancer ",Joy, Twitter , UK,enrolled dance class senior moving rhythm life age number dance floor danceclass seniordancer,Positive,2
"Visited an art gallery, appreciating the brushstrokes that tell tales of creativity. Art, an eternal companion. #ArtGallery #SeniorArtLover ",Joy, Facebook , USA,visited art gallery appreciating brushstrokes tell tale creativity art eternal companion artgallery seniorartlover,Positive,2
"Started a book club for seniors, where discussions are as lively as the characters in the novels. #BookClub #SeniorReaders ",Joy, Instagram , UK,started book club senior discussion lively character novel bookclub seniorreaders,Positive,2
"Hosted a picnic in the park, basking in the warmth of friendship and sunshine. Simple joys, timeless memories. #ParkPicnic #SeniorJoy ",Contentment, Twitter , Canada,hosted picnic park basking warmth friendship sunshine simple joy timeless memory parkpicnic seniorjoy,Positive,2
"Participated in a local theater production, proving that the stage belongs to every age. #TheaterProduction #SeniorActor ",Joy, Facebook , USA,participated local theater production proving stage belongs every age theaterproduction senioractor,Positive,2
"Embarked on a hiking adventure, conquering trails and relishing the beauty of nature. Age is just a number on the mountaintop. #HikingAdventure #SeniorHiker ",Excitement, Instagram , UK,embarked hiking adventure conquering trail relishing beauty nature age number mountaintop hikingadventure seniorhiker,Positive,2
Hosted a photography exhibition featuring snapshots of a life well-lived. Every photo has a story to tell. #PhotographyExhibition #SeniorPhotographer ,Gratitude, Twitter , Canada,hosted photography exhibition featuring snapshot life welllived every photo story tell photographyexhibition seniorphotographer,Positive,2
"Joined a seniors' cycling club, feeling the wind in my hair and the freedom of the open road. #CyclingClub #SeniorCyclist ",Excitement, Facebook , USA,joined senior cycling club feeling wind hair freedom open road cyclingclub seniorcyclist,Positive,2
"Attended a wine tasting event, savoring the richness of flavors that age like fine wine. Cheers to the golden years! #WineTasting #SeniorWineLover ",Joy, Instagram , UK,attended wine tasting event savoring richness flavor age like fine wine cheer golden year winetasting seniorwinelover,Positive,2
"Started learning ballroom dancing, gliding gracefully across the dance floor. Ageless elegance in every step. #BallroomDancing #SeniorDancer ",Joy, Twitter , USA,started learning ballroom dancing gliding gracefully across dance floor ageless elegance every step ballroomdancing seniordancer,Positive,2
"Organized a community painting event, turning blank canvases into a masterpiece of shared creativity. #PaintingEvent #SeniorArtist ",Joy, Facebook , Canada,organized community painting event turning blank canvas masterpiece shared creativity paintingevent seniorartist,Positive,2
"Hosted a 'memory lane' evening with old friends, reminiscing about the adventures that shaped our lives. #MemoryLane #SeniorReminiscing ",Gratitude, Instagram , USA,hosted memory lane evening old friend reminiscing adventure shaped life memorylane seniorreminiscing,Positive,2
"Joined a seniors' astronomy club, stargazing and finding wonder in the vastness of the cosmos. #AstronomyClub #SeniorStargazer ",Curiosity, Twitter , UK,joined senior astronomy club stargazing finding wonder vastness cosmos astronomyclub seniorstargazer,Neutral,1
"Attended a local jazz festival, tapping toes to the tunes that have stood the test of time. Music, a lifelong love affair. #JazzFestival #SeniorMusicLover ",Joy, Facebook , USA,attended local jazz festival tapping toe tune stood test time music lifelong love affair jazzfestival seniormusiclover,Positive,2
"Started a blog sharing the wisdom gained through the years, proving that every day is a chance to learn and grow. #SeniorWisdom #Blog ",Gratitude, Instagram , UK,started blog sharing wisdom gained year proving every day chance learn grow seniorwisdom blog,Positive,2
"Participated in a charity run, proving that age is no barrier to supporting meaningful causes. #CharityRun #SeniorRunner ",Excitement, Twitter , Canada,participated charity run proving age barrier supporting meaningful cause charityrun seniorrunner,Positive,2
"Survived a challenging physics exam. Equations, you won't defeat me! ",Relief, Instagram , USA,survived challenging physic exam equation wont defeat,Positive,2
Exploring the world of coding. Debugging is an adventure on its own! #CodingJourney #HighSchoolCoder ,Excitement, Twitter , UK,exploring world coding debugging adventure codingjourney highschoolcoder,Positive,2
"Joined the school debate team. Words are my weapons, and I'm ready for battle! ",Excitement, Facebook , Canada,joined school debate team word weapon im ready battle,Positive,2
"Started a photography club at school. Capturing moments, one snapshot at a time! ",Joy, Instagram , USA,started photography club school capturing moment one snapshot time,Positive,2
"Daydreaming about the upcoming prom. The dress, the dance – it's a fairytale in the making! ",Excitement, Twitter , Canada,daydreaming upcoming prom dress dance fairytale making,Positive,2
Convinced the teacher to have class outdoors. Learning equations with a side of fresh air! ,Positive, Facebook , USA,convinced teacher class outdoors learning equation side fresh air,Positive,2
"Accidentally spilled paint in art class. Abstract art, right? #ArtClassAdventures #HighSchoolArtist ",Embarrassed, Instagram , UK,accidentally spilled paint art class abstract art right artclassadventures highschoolartist,Neutral,1
Trying to master the perfect kickflip on my skateboard. Skating into the weekend like a pro! ,Excitement, Twitter , Canada,trying master perfect kickflip skateboard skating weekend like pro,Positive,2
Bonding with friends over the latest K-pop sensation. Fangirling at its finest! ,Joy, Facebook , USA,bonding friend latest kpop sensation fangirling finest,Positive,2
Spent hours perfecting a chemistry experiment. Mixing potions like a wizard! ,Joy, Instagram , UK,spent hour perfecting chemistry experiment mixing potion like wizard,Positive,2
Successfully organized a surprise birthday party for a friend. Party planning expert mode: Achieved! ,Joy, Twitter , Canada,successfully organized surprise birthday party friend party planning expert mode achieved,Positive,2
"Joined the drama club to unleash my inner actor. Lights, camera, action! ",Excitement, Facebook , USA,joined drama club unleash inner actor light camera action,Positive,2
Got my hands on the latest fantasy novel. Diving into realms of magic and adventure! ,Excitement, Instagram , UK,got hand latest fantasy novel diving realm magic adventure,Positive,2
Mastering the art of the perfect doodle during boring classes. Doodles: A+! ,Joy, Twitter , USA,mastering art perfect doodle boring class doodle,Positive,2
Attempting to break the school record for the longest handstand. Wish me luck! ,Excitement, Facebook , Canada,attempting break school record longest handstand wish luck,Positive,2
Sneaking snacks into class like a pro. The art of snack-smuggling is a sacred skill! ,Mischievous, Instagram , USA,sneaking snack class like pro art snacksmuggling sacred skill,Neutral,1
Hosting a sleepover with friends this weekend. Preparing for a night of laughter and memories! ,Excitement, Twitter , UK,hosting sleepover friend weekend preparing night laughter memory,Positive,2
"Spent hours on a TikTok dance, only to realize I have two left feet. Dance fail: Unleashed! ",Embarrassed, Facebook , USA,spent hour tiktok dance realize two left foot dance fail unleashed,Neutral,1
Accidentally liked my crush's old photo while stalking their profile. Awkward level: Maximum! ,Embarrassed, Instagram , UK,accidentally liked crush old photo stalking profile awkward level maximum,Neutral,1
Tried to impress my crush with a smooth conversation. Ended up spilling my drink. Smooth level: Nonexistent! ,Embarrassed, Twitter , Canada,tried impress crush smooth conversation ended spilling drink smooth level nonexistent,Neutral,1
Mastered the art of creating paper airplanes during lecture. Paper planes: Soaring to new heights! ,Joy, Instagram , USA,mastered art creating paper airplane lecture paper plane soaring new height,Positive,2
Trying to set a new trend by juggling textbooks between classes. Academic juggling: A unique skill! ,Excitement, Facebook , Canada,trying set new trend juggling textbook class academic juggling unique skill,Positive,2
Hiding a snack stash in my backpack for emergency cravings. Snack ninja mode: Activated! ,Mischievous, Twitter , USA,hiding snack stash backpack emergency craving snack ninja mode activated,Neutral,1
Planning a surprise scavenger hunt for friends. Anticipating the thrill and excitement! ,Excitement, Instagram , UK,planning surprise scavenger hunt friend anticipating thrill excitement,Positive,2
Danced in the rain to celebrate the end of exams. Rain dance: Unexpectedly refreshing! ,Joy, Facebook , Canada,danced rain celebrate end exam rain dance unexpectedly refreshing,Positive,2
Accidentally sent a text meant for a friend to the class group chat. Texting fail: Oops moment! ,Embarrassed, Twitter , USA,accidentally sent text meant friend class group chat texting fail oops moment,Neutral,1
Tried a magic trick to impress classmates. Magic fail: Where did that rabbit go? ,Embarrassed, Instagram , UK,tried magic trick impress classmate magic fail rabbit go,Neutral,1
Perfecting the art of creating origami during a dull lecture. Origami mastery: A+! ,Joy, Twitter , USA,perfecting art creating origami dull lecture origami mastery,Positive,2
Attempting to set a new record for the most consecutive hacky sack kicks. Hacky sack skills: Unleashed! ,Excitement, Instagram , Canada,attempting set new record consecutive hacky sack kick hacky sack skill unleashed,Positive,2
Creating a secret handshake with friends. Friendship level: Expert! ,Joy, Facebook , USA,creating secret handshake friend friendship level expert,Positive,2
Embarking on a mission to find the best burger joint in town. Burger connoisseur: Reporting for duty! ,Excitement, Twitter , UK,embarking mission find best burger joint town burger connoisseur reporting duty,Positive,2
Practicing a stand-up comedy routine for the upcoming talent show. Comedy gig: In the making! ,Joy, Instagram , Canada,practicing standup comedy routine upcoming talent show comedy gig making,Positive,2
Accidentally sent a love letter to the wrong person. Love note fail: Maximum embarrassment! ,Embarrassed, Facebook , USA,accidentally sent love letter wrong person love note fail maximum embarrassment,Neutral,1
Attempting to impress the teacher with an elaborate science experiment. Science geek mode: Activated! ,Excitement, Twitter , UK,attempting impress teacher elaborate science experiment science geek mode activated,Positive,2
Crafting intricate friendship bracelets for the whole squad. Friendship level: Expert weaver! ,Joy, Instagram , USA,crafting intricate friendship bracelet whole squad friendship level expert weaver,Positive,2
Attempting to beat the record for the most consecutive cartwheels. Cartwheel challenge: Underway! ,Excitement, Twitter , Canada,attempting beat record consecutive cartwheel cartwheel challenge underway,Positive,2
Organizing a movie marathon with friends. Popcorn and cinematic adventures await! ,Joy, Facebook , UK,organizing movie marathon friend popcorn cinematic adventure await,Positive,2
Experimenting with a new hair color. A bold change for a bold semester! ,Excitement, Instagram , USA,experimenting new hair color bold change bold semester,Positive,2
Building a time capsule to capture memories for the future. Time-traveling emotions! ,Joy, Facebook , Canada,building time capsule capture memory future timetraveling emotion,Positive,2
Accidentally walked into the wrong classroom on the first day. Classroom mix-up: Awkward start! ,Embarrassed, Twitter , USA,accidentally walked wrong classroom first day classroom mixup awkward start,Neutral,1
Trying out a new smoothie recipe for a healthy start to the week. Smoothie enthusiast: Level up! ,Excitement, Instagram , UK,trying new smoothie recipe healthy start week smoothie enthusiast level,Positive,2
Reflecting on the challenges of the school year. Feeling a bit overwhelmed with assignments. ,Sad, Twitter , USA,reflecting challenge school year feeling bit overwhelmed assignment,Negative,0
Encountered some mean-spirited comments online. Dealing with online hate is never easy. ,Hate, Instagram , Canada,encountered meanspirited comment online dealing online hate never easy,Negative,0
Had a bad day at school. Everything seems to be going wrong. ,Bad, Facebook , UK,bad day school everything seems going wrong,Negative,0
Feeling down after not making the sports team. Disappointment lingers. ,Sad, Twitter , USA,feeling making sport team disappointment lingers,Negative,0
Witnessed a heated argument in the cafeteria. Unpleasant atmosphere at lunch. ,Hate, Instagram , Canada,witnessed heated argument cafeteria unpleasant atmosphere lunch,Negative,0
Received a not-so-great grade on a major project. Academic frustration setting in. ,Bad, Facebook , UK,received notsogreat grade major project academic frustration setting,Negative,0
Dealing with a personal setback. Sometimes life throws unexpected challenges. ,Sad, Twitter , USA,dealing personal setback sometimes life throw unexpected challenge,Negative,0
Feeling lonely on a Saturday night. Sometimes solitude hits harder than expected. ,Sad, Instagram , Canada,feeling lonely saturday night sometimes solitude hit harder expected,Negative,0
Experiencing cyberbullying. Hateful messages online are disheartening. ,Hate, Facebook , UK,experiencing cyberbullying hateful message online disheartening,Negative,0
Caught in a torrential rainstorm without an umbrella. Today's weather is just bad luck. ,Bad, Twitter , USA,caught torrential rainstorm without umbrella today weather bad luck,Negative,0
Missing an important event due to unforeseen circumstances. A day filled with sadness. ,Sad, Instagram , Canada,missing important event due unforeseen circumstance day filled sadness,Negative,0
Dealing with unfounded rumors circulating about personal life. Rumors can be hurtful. ,Hate, Facebook , UK,dealing unfounded rumor circulating personal life rumor hurtful,Negative,0
Got a flat tire on the way to an important meeting. Talk about a series of bad events! ,Bad, Twitter , USA,got flat tire way important meeting talk series bad event,Negative,0
Feeling a sense of emptiness after a close friend moves away. Farewells are always sad. ,Sad, Instagram , Canada,feeling sense emptiness close friend move away farewell always sad,Negative,0
Facing rejection from a dream college. Disheartened but determined to explore other paths. ,Sad, Facebook , UK,facing rejection dream college disheartened determined explore path,Negative,0
Encountering online toxicity during a gaming session. Hateful comments can ruin the fun. ,Hate, Twitter , USA,encountering online toxicity gaming session hateful comment ruin fun,Negative,0
Having a bad hair day and feeling self-conscious. Bad hair days can affect confidence. ,Bad, Instagram , Canada,bad hair day feeling selfconscious bad hair day affect confidence,Negative,0
Feeling a sense of despair after a major project failure. Hard work didn't pay off this time. ,Sad, Facebook , UK,feeling sense despair major project failure hard work didnt pay time,Negative,0
Experiencing hate comments for expressing personal opinions. Online negativity prevails. ,Hate, Twitter , USA,experiencing hate comment expressing personal opinion online negativity prevails,Negative,0
Having a string of bad luck with constant technology malfunctions. Tech troubles galore! ,Bad, Instagram , Canada,string bad luck constant technology malfunction tech trouble galore,Negative,0
Missing out on a long-anticipated event due to unexpected circumstances. A day filled with sadness. ,Sad, Facebook , UK,missing longanticipated event due unexpected circumstance day filled sadness,Negative,0
Trying out a new study technique for upcoming exams. Exploring different learning strategies. ,Neutral, Instagram , USA,trying new study technique upcoming exam exploring different learning strategy,Neutral,1
Organizing a community cleanup event for a cleaner neighborhood. Promoting environmental awareness. ,Neutral, Twitter , Canada,organizing community cleanup event cleaner neighborhood promoting environmental awareness,Neutral,1
Sharing favorite book recommendations with classmates. Building a mini book club. ,Neutral, Facebook , UK,sharing favorite book recommendation classmate building mini book club,Neutral,1
Experimenting with a new recipe for a school bake sale. Baking adventures in the kitchen. ,Neutral, Instagram , USA,experimenting new recipe school bake sale baking adventure kitchen,Neutral,1
Collaborating on a school project with peers. Teamwork makes the dream work. ,Neutral, Twitter , Canada,collaborating school project peer teamwork make dream work,Neutral,1
Attending a school club meeting to explore new interests. Dabbling in extracurricular activities. ,Neutral, Instagram , UK,attending school club meeting explore new interest dabbling extracurricular activity,Neutral,1
Exploring a new part-time job opportunity for gaining work experience. Career development in progress. ,Neutral, Facebook , USA,exploring new parttime job opportunity gaining work experience career development progress,Neutral,1
Attending a school assembly to stay informed about upcoming events and announcements. Staying connected with school activities. ,Neutral, Twitter , Canada,attending school assembly stay informed upcoming event announcement staying connected school activity,Neutral,1
Exploring a new hobby of photography during free time. Capturing moments through a lens. ,Neutral, Instagram , UK,exploring new hobby photography free time capturing moment lens,Neutral,1
Participating in a science fair to showcase a unique experiment. Sharing knowledge with peers. ,Neutral, Facebook , USA,participating science fair showcase unique experiment sharing knowledge peer,Neutral,1
Attending a workshop on time management to enhance organizational skills. Striving for efficiency. ,Neutral, Twitter , Canada,attending workshop time management enhance organizational skill striving efficiency,Neutral,1
Volunteering at a local charity event to give back to the community. Contributing to social causes. ,Neutral, Instagram , UK,volunteering local charity event give back community contributing social cause,Neutral,1
Collaborating on a group project to promote teamwork and shared responsibilities. Group effort in action. ,Neutral, Facebook , USA,collaborating group project promote teamwork shared responsibility group effort action,Neutral,1
Participating in a debate club to enhance critical thinking and communication skills. Intellectual engagement in progress. ,Neutral, Twitter , Canada,participating debate club enhance critical thinking communication skill intellectual engagement progress,Neutral,1
Celebrating a friend's birthday with a surprise party. Joyful moments and laughter all around! ,Happy, Instagram , UK,celebrating friend birthday surprise party joyful moment laughter around,Neutral,1
Successfully completing a challenging coding project. Excitement for overcoming coding hurdles! ,Happy, Twitter , USA,successfully completing challenging coding project excitement overcoming coding hurdle,Neutral,1
Attending a school talent show to support classmates. Applauding the diverse talents on display! ,Happy, Facebook , Canada,attending school talent show support classmate applauding diverse talent display,Neutral,1
"Exploring a new hiking trail with friends over the weekend. Nature, laughter, and good vibes! ",Happy, Instagram , UK,exploring new hiking trail friend weekend nature laughter good vibe,Neutral,1
Winning a friendly sports competition against rival schools. Victory celebrations in full swing! ,Happy, Twitter , USA,winning friendly sport competition rival school victory celebration full swing,Neutral,1
Receiving a heartfelt letter from a pen pal in another country. Connecting across the globe! ,Happy, Facebook , Canada,receiving heartfelt letter pen pal another country connecting across globe,Neutral,1
Creating a beautiful mural with fellow art enthusiasts. The power of collaboration and creativity! ,Happy, Instagram , UK,creating beautiful mural fellow art enthusiast power collaboration creativity,Neutral,1
Participating in a school-wide art exhibition. Witnessing creativity and spreading positive vibes! ,Happy, Instagram , USA,participating schoolwide art exhibition witnessing creativity spreading positive vibe,Neutral,1
Achieving a personal best in a track and field competition. The thrill of victory and self-improvement! ,Happy, Twitter , Canada,achieving personal best track field competition thrill victory selfimprovement,Neutral,1
Collaborating on a science project that received recognition at a regional fair. Science triumphs and smiles! ,Happy, Facebook , UK,collaborating science project received recognition regional fair science triumph smile,Neutral,1
"Attending a surprise birthday party organized by friends. Surrounded by love, laughter, and good company! ",Happy, Instagram , USA,attending surprise birthday party organized friend surrounded love laughter good company,Neutral,1
Successfully fundraising for a school charity initiative. The joy of giving back to the community! ,Happy, Twitter , Canada,successfully fundraising school charity initiative joy giving back community,Neutral,1
"Participating in a multicultural festival, celebrating diversity with music, dance, and delicious food! ",Happy, Facebook , UK,participating multicultural festival celebrating diversity music dance delicious food,Neutral,1
"Organizing a virtual talent show during challenging times, bringing smiles to classmates' faces! ",Happy, Instagram , USA,organizing virtual talent show challenging time bringing smile classmate face,Neutral,1
